"Season","Name","Team","G","AB","H","X1B","X2B","X3B","HR","R","RBI","BB","IBB","SO","HBP","SF","SH","GDP","SB","CS","PA","BB.Percent","K.Percent","BB.K","AVG","OBP","SLG","OPS","ISO","Spd","BABIP","UBR","wGDP","XBR","wSB","wRC","wRAA","wOBA","wRC.","next_AVG"
2020,"AJ Pollock","LAD",55,196,54,29,9,0,16,30,34,12,1,45,0,2,0,6,2,2,210,0.057,0.214,0.27,0.276,0.314,0.566,0.881,0.291,2.6,0.277,-0.7,-0.7,-0.4,-0.6,34,7.8,0.364,130,0.297
2021,"AJ Pollock","LAD",117,384,114,65,27,1,21,53,69,30,4,80,6,2,0,4,9,1,422,0.071,0.19,0.38,0.297,0.355,0.536,0.892,0.24,4.4,0.326,-1,0.6,-0.1,1,72,21.1,0.375,137,0.245
2022,"AJ Pollock","CHW",138,489,120,79,26,1,14,61,56,32,0,98,2,4,0,13,3,1,527,0.061,0.186,0.33,0.245,0.292,0.389,0.681,0.143,3.5,0.278,-0.9,-0.3,-2.1,-0.3,55,-5.2,0.297,92,0.173
2020,"Aaron Judge","NYY",28,101,26,14,3,0,9,23,22,10,0,32,2,0,0,5,0,1,114,0.088,0.281,0.31,0.257,0.336,0.554,0.891,0.297,3.2,0.283,1,-0.3,0.4,-0.5,20,5.3,0.375,140,0.287
2021,"Aaron Judge","NYY",148,550,158,95,24,0,39,89,98,75,2,158,3,5,0,16,6,1,633,0.118,0.25,0.47,0.287,0.373,0.544,0.916,0.256,2.9,0.332,-0.4,0.1,-0.1,0.2,115,38,0.387,150,0.311
2022,"Aaron Judge","NYY",157,570,177,87,28,0,62,133,131,111,19,175,6,5,0,14,16,3,696,0.159,0.251,0.63,0.311,0.425,0.686,1.111,0.375,4,0.34,0.4,0.5,-0.2,1.2,162,82.1,0.458,206,0.267
2023,"Aaron Judge","NYY",106,367,98,45,16,0,37,79,75,88,9,130,0,3,0,5,3,1,458,0.192,0.284,0.68,0.267,0.406,0.613,1.019,0.346,2.6,0.3,0.3,1.5,-1.6,-0.8,95,38.8,0.42,173,0.322
2020,"Adalberto Mondesi","KCR",59,219,56,36,11,3,6,33,22,11,0,70,1,0,2,4,24,8,233,0.047,0.3,0.16,0.256,0.294,0.416,0.71,0.16,8.5,0.35,2,0.4,1.7,1.2,26,-3,0.305,88,0.23
2020,"Adam Duvall","ATL",57,190,45,21,8,0,16,34,33,15,0,54,3,1,0,2,0,0,209,0.072,0.258,0.28,0.237,0.301,0.532,0.833,0.295,2.1,0.24,0.2,0.5,1,-0.1,31,5,0.348,115,0.229
2021,"Adam Duvall","MIA",91,314,72,39,10,1,22,41,68,21,0,105,1,3,0,4,5,0,339,0.062,0.31,0.2,0.229,0.277,0.478,0.755,0.248,4.6,0.263,-1.3,0.3,-1.2,0.8,42,0.9,0.318,97,0.226
2021,"Adam Duvall","ATL",55,199,45,21,7,1,16,26,45,14,1,69,3,0,0,3,0,0,216,0.065,0.319,0.2,0.226,0.287,0.513,0.8,0.286,2.2,0.254,-2.4,0.3,-1,-0.1,30,3.6,0.335,107,0.213
2022,"Adam Duvall","ATL",86,287,61,32,16,1,12,39,36,21,0,101,5,2,0,2,0,2,315,0.067,0.321,0.21,0.213,0.276,0.401,0.677,0.188,3.2,0.278,2.5,1.2,0.7,-1,32,-3.6,0.295,88,0.247
2023,"Adam Duvall","BOS",92,320,79,32,24,2,21,45,58,22,1,110,6,5,0,0,4,0,353,0.062,0.312,0.2,0.247,0.303,0.531,0.834,0.284,5.3,0.299,0.5,2.2,0.5,0.3,52,8.5,0.347,117,0.182
2020,"Adam Eaton","WSN",41,159,36,20,11,1,4,22,17,12,1,32,1,0,4,4,3,0,176,0.068,0.182,0.38,0.226,0.285,0.384,0.669,0.157,6.1,0.26,-0.2,-0.6,0.2,0.5,17,-4.8,0.287,76,0.201
2021,"Adam Engel","CHW",39,123,31,15,9,0,7,21,18,11,0,31,5,1,0,4,7,1,140,0.079,0.221,0.35,0.252,0.336,0.496,0.832,0.244,5.9,0.279,0.8,-0.7,0.9,0.9,22,4.6,0.354,125,0.224
2022,"Adley Rutschman","BAL",113,398,101,52,35,1,13,70,42,65,0,86,4,3,0,4,4,0,470,0.138,0.183,0.76,0.254,0.362,0.445,0.806,0.191,4.2,0.291,3.9,0.8,1,0.3,70,16.5,0.354,134,0.277
2023,"Adley Rutschman","BAL",154,588,163,111,31,1,20,84,80,92,6,101,2,5,0,14,1,2,687,0.134,0.147,0.91,0.277,0.374,0.435,0.809,0.158,1.8,0.303,0.3,-1.1,0.3,-2.2,103,19,0.352,126,0.25
2021,"Adolis García","TEX",149,581,141,82,26,2,31,77,90,32,0,194,5,4,0,15,16,5,622,0.051,0.312,0.16,0.243,0.286,0.454,0.741,0.212,5.1,0.306,-1.7,-0.4,-0.6,0.7,75,-0.1,0.314,99,0.25
2022,"Adolis García","TEX",156,605,151,85,34,5,27,88,101,40,2,183,6,6,0,9,25,6,657,0.061,0.279,0.22,0.25,0.3,0.456,0.756,0.207,6.6,0.309,3,0.9,2.5,2.1,83,7.6,0.324,112,0.245
2023,"Adolis García","TEX",148,555,136,68,29,0,39,108,107,65,0,175,6,6,0,12,9,1,632,0.103,0.277,0.37,0.245,0.328,0.508,0.836,0.263,4.5,0.28,2.8,0.4,1.1,0.3,96,18.8,0.354,128,0.224
2021,"Alcides Escobar","WSN",75,319,92,65,21,2,4,53,28,17,0,56,9,2,2,2,3,0,349,0.049,0.16,0.3,0.288,0.34,0.404,0.744,0.116,5.3,0.337,0.8,1.3,-0.4,0.3,45,2.9,0.325,102,0.218
2023,"Alec Burleson","STL",107,315,77,48,20,1,8,34,36,23,0,45,3,2,1,13,3,1,347,0.066,0.13,0.51,0.244,0.3,0.39,0.691,0.146,3.4,0.261,-2.6,-1.7,-1.6,-0.4,37,-5.2,0.3,89,0.269
2021,"Aledmys Díaz","HOU",84,294,76,49,19,0,8,28,45,16,3,62,9,0,0,7,0,1,319,0.05,0.194,0.26,0.259,0.317,0.405,0.721,0.146,1.3,0.304,-1.6,-0.5,0,-0.7,38,-1,0.311,97,0.243
2022,"Aledmys Díaz","HOU",92,305,74,49,13,0,12,35,38,18,0,53,2,2,0,7,1,1,327,0.055,0.162,0.34,0.243,0.287,0.403,0.691,0.161,2.1,0.256,-2.6,-0.7,-2,-0.5,35,-2.3,0.301,97,0.229
2021,"Alejandro Kirk","TOR",60,165,40,24,8,0,8,19,24,19,0,22,3,2,0,7,0,0,189,0.101,0.116,0.86,0.242,0.328,0.436,0.764,0.194,0.9,0.234,-0.7,-0.8,-0.6,-0.2,25,2.5,0.33,106,0.285
2022,"Alejandro Kirk","TOR",139,470,134,101,19,0,14,59,63,63,2,58,4,4,0,11,0,0,541,0.116,0.107,1.09,0.285,0.372,0.415,0.786,0.13,1.1,0.299,-5.9,-0.5,-4.6,-0.7,78,16.1,0.347,129,0.25
2023,"Alejandro Kirk","TOR",123,372,93,69,16,0,8,34,43,42,1,45,6,2,0,21,0,0,422,0.1,0.107,0.93,0.25,0.334,0.358,0.692,0.108,0.8,0.265,-6,-3.4,-5.7,-0.9,48,-3.6,0.308,95,0.253
2022,"Alek Thomas","ARI",113,381,88,62,17,1,8,45,39,22,0,74,3,5,0,6,4,3,411,0.054,0.18,0.3,0.231,0.275,0.344,0.619,0.113,3.7,0.263,2.8,-0.2,2.8,-0.8,35,-12.4,0.272,71,0.23
2023,"Alek Thomas","ARI",125,374,86,55,17,5,9,51,39,19,1,86,4,3,2,5,9,1,402,0.047,0.214,0.22,0.23,0.273,0.374,0.647,0.144,7.2,0.273,2.6,0.3,4,0.8,36,-13.4,0.278,71,0.189
2020,"Alex Bregman","HOU",42,153,37,18,12,1,6,19,22,24,1,26,2,1,0,2,0,0,180,0.133,0.144,0.92,0.242,0.35,0.451,0.801,0.209,2.2,0.254,-0.8,0.4,0.2,-0.1,26,3.8,0.345,120,0.27
2021,"Alex Bregman","HOU",91,348,94,65,17,0,12,54,55,44,4,53,4,4,0,13,1,0,400,0.11,0.133,0.83,0.27,0.355,0.422,0.777,0.152,2.4,0.286,-1,-1,-1,-0.2,55,7,0.336,114,0.259
2022,"Alex Bregman","HOU",155,548,142,81,38,0,23,93,93,87,1,77,11,10,0,18,1,2,656,0.133,0.117,1.13,0.259,0.366,0.454,0.82,0.195,2,0.26,-0.5,-1.2,-2.1,-1.3,100,25,0.358,137,0.262
2023,"Alex Bregman","HOU",161,622,163,106,28,4,25,103,98,92,1,87,8,2,0,22,3,1,724,0.127,0.12,1.06,0.262,0.363,0.441,0.804,0.178,3.7,0.27,-1.5,-2.2,-2.7,-1.4,108,19.7,0.351,125,0.26
2022,"Alex Call","WSN",35,102,25,16,3,1,5,16,13,11,0,26,2,0,0,2,3,3,115,0.096,0.226,0.42,0.245,0.33,0.441,0.772,0.196,5.5,0.282,1,-0.4,0.5,-0.7,16,2.6,0.338,119,0.2
2023,"Alex Call","WSN",128,375,75,52,14,1,8,43,38,53,0,78,6,2,3,1,9,8,439,0.121,0.178,0.68,0.2,0.307,0.307,0.614,0.107,3.7,0.23,0.7,2,1.8,-2.4,40,-13.9,0.28,73,0.343
2022,"Alfonso Rivas III","CHC",101,251,59,49,5,2,3,27,25,29,1,87,4,2,1,1,6,1,287,0.101,0.303,0.33,0.235,0.322,0.307,0.628,0.072,5.3,0.344,0.6,0.9,1,0.5,27,-5.7,0.285,85,0.234
2020,"Amed Rosario","NYM",46,143,36,28,3,1,4,20,15,4,0,34,0,0,0,5,0,1,147,0.027,0.231,0.12,0.252,0.272,0.371,0.643,0.119,4,0.305,0.7,-0.7,1,-0.5,13,-5.3,0.277,76,0.282
2021,"Amed Rosario","CLE",141,550,155,113,25,6,11,77,57,31,0,120,3,4,0,12,13,0,588,0.053,0.204,0.26,0.282,0.321,0.409,0.731,0.127,6.6,0.34,0.2,-1.1,2.8,2.1,72,0.5,0.315,102,0.283
2022,"Amed Rosario","CLE",153,637,180,134,26,9,11,86,71,25,0,111,4,4,0,19,18,4,670,0.037,0.166,0.23,0.283,0.312,0.403,0.715,0.121,6.7,0.326,2.7,-2.5,4,1.3,77,0.8,0.311,104,0.265
2023,"Amed Rosario","CLE",94,385,102,74,19,6,3,51,40,22,0,77,2,3,0,11,9,0,412,0.053,0.187,0.29,0.265,0.306,0.369,0.675,0.104,7.2,0.321,-0.4,-0.3,0.2,1,42,-8.3,0.294,86,0.256
2023,"Amed Rosario","LAD",48,125,32,21,6,2,3,19,18,7,0,22,1,0,0,4,6,2,133,0.053,0.165,0.32,0.256,0.301,0.408,0.709,0.152,7.8,0.29,-1.7,-0.8,-0.8,0.1,15,-1.3,0.306,91,0.307
2020,"Andrelton Simmons","LAA",30,118,35,28,7,0,0,19,10,8,0,16,1,0,0,5,2,0,127,0.063,0.126,0.5,0.297,0.346,0.356,0.702,0.059,4.8,0.343,-0.1,-0.9,0.1,0.3,15,-0.8,0.313,95,0.223
2021,"Andrew Benintendi","KCR",134,493,136,90,27,2,17,63,73,36,0,97,2,6,1,2,8,9,538,0.067,0.18,0.37,0.276,0.324,0.442,0.766,0.166,3.6,0.309,0.7,1.8,0.1,-2.6,71,6.1,0.328,104,0.32
2022,"Andrew Benintendi","KCR",93,347,111,92,14,2,3,40,39,39,0,52,1,3,0,6,4,2,390,0.1,0.133,0.75,0.32,0.387,0.398,0.785,0.078,3.5,0.366,-1.4,0.6,-2.6,-0.5,57,12.1,0.349,124,0.254
2022,"Andrew Benintendi","NYY",33,114,29,17,9,1,2,14,12,13,0,25,1,2,1,1,4,1,131,0.099,0.191,0.52,0.254,0.331,0.404,0.734,0.149,5.8,0.303,1.3,0.4,0.8,0.3,16,1.2,0.322,110,0.262
2023,"Andrew Benintendi","CHW",151,562,147,106,34,2,5,72,45,52,5,89,3,3,1,12,13,2,621,0.084,0.143,0.58,0.262,0.326,0.356,0.682,0.094,5,0.301,1.9,-0.2,1.1,0.6,66,-10,0.299,88,0.229
2021,"Andrew Knizner","STL",63,161,28,20,7,0,1,18,9,20,2,39,4,0,0,7,0,0,185,0.108,0.211,0.51,0.174,0.281,0.236,0.517,0.062,1.8,0.223,-0.2,-1.2,-0.6,-0.1,11,-11.6,0.238,48,0.215
2022,"Andrew Knizner","STL",97,260,56,42,10,0,4,28,25,26,0,62,6,0,1,9,0,1,293,0.089,0.212,0.42,0.215,0.301,0.3,0.601,0.085,1.7,0.268,-0.1,-1,0.8,-0.7,25,-8.1,0.275,77,0.241
2020,"Andrew McCutchen","PHI",57,217,55,36,9,0,10,32,34,22,0,48,1,1,0,4,4,0,241,0.091,0.199,0.46,0.253,0.324,0.433,0.757,0.18,4.2,0.281,-1.9,-0.3,-1.1,0.6,32,1.5,0.327,102,0.222
2021,"Andrew McCutchen","PHI",144,482,107,55,24,1,27,78,80,81,2,132,4,7,0,10,6,1,574,0.141,0.23,0.61,0.222,0.334,0.444,0.778,0.222,3.9,0.242,1.2,0,1.7,0.3,79,9.6,0.335,108,0.237
2022,"Andrew McCutchen","MIL",134,515,122,80,25,0,17,66,69,57,1,124,4,4,0,10,8,6,580,0.098,0.214,0.46,0.237,0.316,0.384,0.7,0.148,3,0.278,-2.6,-0.1,-1.2,-1.4,66,-0.3,0.309,98,0.256
2023,"Andrew McCutchen","PIT",112,390,100,69,19,0,12,55,43,75,1,100,4,4,0,8,11,3,473,0.159,0.211,0.75,0.256,0.378,0.397,0.776,0.141,3.6,0.312,-2.1,0.6,-1.4,-0.2,68,10.6,0.345,115,0.232
2021,"Andrew Vaughn","CHW",127,417,98,61,22,0,15,56,48,41,0,101,6,5,0,14,1,1,469,0.087,0.215,0.41,0.235,0.309,0.396,0.705,0.161,2.2,0.271,-1.9,-1.1,-2,-0.6,54,-3.1,0.306,93,0.271
2022,"Andrew Vaughn","CHW",134,510,138,92,28,1,17,60,76,31,0,96,9,5,0,13,0,0,555,0.056,0.173,0.32,0.271,0.321,0.429,0.75,0.159,1.8,0.301,-2,-0.7,-3,-0.5,71,7.5,0.327,113,0.258
2023,"Andrew Vaughn","CHW",152,566,146,93,30,2,21,67,80,36,0,129,11,2,0,15,0,0,615,0.059,0.21,0.28,0.258,0.314,0.429,0.743,0.171,2.1,0.299,-4.1,-0.9,-3.4,-1.1,76,1.5,0.321,103,0.246
2020,"Andrés Giménez","NYM",49,118,31,23,3,2,3,22,12,7,0,28,6,1,0,0,8,1,132,0.053,0.212,0.25,0.263,0.333,0.398,0.732,0.136,9.1,0.318,1.3,0.7,1.2,1.1,17,0.1,0.321,105,0.218
2021,"Andrés Giménez","CLE",68,188,41,26,10,0,5,23,16,11,0,54,7,3,1,1,11,0,210,0.052,0.257,0.2,0.218,0.282,0.351,0.633,0.133,6.2,0.273,-0.1,0.7,-0.1,2,19,-6.4,0.277,76,0.297
2022,"Andrés Giménez","CLE",146,491,146,100,26,3,17,66,69,34,4,112,25,3,4,9,20,3,557,0.061,0.201,0.3,0.297,0.371,0.466,0.837,0.169,5.8,0.353,0.4,0.8,1.7,2.2,88,24,0.364,141,0.251
2023,"Andrés Giménez","CLE",153,557,140,93,27,5,15,76,62,32,3,112,20,3,4,10,30,6,616,0.052,0.182,0.29,0.251,0.314,0.399,0.712,0.147,7,0.289,0.3,-0.1,1.8,2.4,70,-4.7,0.309,96,0.252
2020,"Anthony Rendon","LAA",52,189,54,33,11,1,9,29,31,38,2,31,5,0,0,10,0,0,232,0.164,0.134,1.23,0.286,0.418,0.497,0.915,0.212,2,0.302,1.1,-0.9,0.7,-0.2,44,14.8,0.395,152,0.24
2021,"Anthony Rendon","LAA",58,217,52,33,13,0,6,24,34,29,2,41,1,2,0,11,0,0,249,0.116,0.165,0.71,0.24,0.329,0.382,0.712,0.143,1,0.267,0.4,-1.3,-0.3,-0.2,29,-0.9,0.31,94,0.229
2022,"Anthony Rendon","LAA",47,166,38,23,10,0,5,15,24,23,0,35,2,2,0,7,2,0,193,0.119,0.181,0.66,0.229,0.326,0.38,0.706,0.151,2.7,0.258,0.6,-1,0.3,0.2,23,0.6,0.314,103,0.236
2023,"Anthony Rendon","LAA",43,148,35,27,6,0,2,23,22,25,0,27,6,4,0,6,2,0,183,0.137,0.148,0.93,0.236,0.361,0.318,0.678,0.081,3.9,0.268,0.5,-0.7,0.1,0,21,-1,0.312,96,0.218
2020,"Anthony Rizzo","CHC",58,203,45,28,6,0,11,26,24,28,4,38,10,2,0,6,3,1,243,0.115,0.156,0.74,0.222,0.342,0.414,0.755,0.192,2.9,0.218,0,-0.4,-0.1,0,32,1.3,0.326,103,0.249
2021,"Anthony Rizzo","NYY",49,173,43,28,7,0,8,32,21,16,0,28,9,2,0,5,2,0,200,0.08,0.14,0.57,0.249,0.34,0.428,0.768,0.179,4.5,0.252,-0.1,-0.6,-0.4,0.2,28,3.3,0.335,115,0.248
2021,"Anthony Rizzo","CHC",92,323,80,47,16,3,14,41,40,36,2,59,14,3,0,10,4,2,376,0.096,0.157,0.61,0.248,0.346,0.446,0.792,0.198,4.3,0.261,-0.3,-0.7,-1.2,-0.4,54,8.3,0.341,114,0.224
2022,"Anthony Rizzo","NYY",130,465,104,50,21,1,32,77,75,58,6,101,23,2,0,13,6,5,548,0.106,0.184,0.57,0.224,0.338,0.48,0.817,0.256,3.7,0.216,-2.6,0.3,-0.9,-1.3,81,18.5,0.352,131,0.244
2023,"Anthony Rizzo","NYY",99,373,91,65,14,0,12,45,41,35,1,97,12,1,0,10,0,3,421,0.083,0.23,0.36,0.244,0.328,0.378,0.706,0.134,1.8,0.298,-1.1,-0.4,-1.5,-2.1,49,-2.1,0.312,99,0.228
2023,"Anthony Volpe","NYY",159,541,113,65,23,4,21,62,60,52,0,167,5,2,1,10,24,5,601,0.087,0.278,0.31,0.209,0.283,0.383,0.666,0.174,6.2,0.259,1.9,-0.1,1.6,1.7,59,-14,0.29,83,0.243
2020,"Asdrúbal Cabrera","WSN",52,190,46,26,9,3,8,23,31,19,0,40,0,4,0,6,0,0,213,0.089,0.188,0.48,0.242,0.305,0.447,0.753,0.205,3.4,0.26,-2,-0.5,-0.8,-0.1,27,-0.2,0.319,97,0.244
2020,"Austin Barnes","LAD",29,86,21,17,3,0,1,14,9,13,0,24,2,1,2,0,3,0,104,0.125,0.231,0.54,0.244,0.353,0.314,0.667,0.07,5.1,0.323,0.9,0.3,0,0.5,12,-1.2,0.306,92,0.215
2021,"Austin Barnes","LAD",77,200,43,29,8,0,6,28,23,20,1,56,4,0,1,6,1,0,225,0.089,0.249,0.36,0.215,0.299,0.345,0.644,0.13,3.2,0.268,0.4,-0.4,0,0,22,-5.5,0.285,78,0.212
2022,"Austin Barnes","LAD",62,179,38,24,6,0,8,31,26,27,0,37,3,1,2,5,2,1,212,0.127,0.175,0.73,0.212,0.324,0.38,0.704,0.168,3.6,0.222,-1.9,0,-1.9,-0.2,25,0.9,0.315,104,0.18
2023,"Austin Barnes","LAD",59,178,32,25,5,0,2,15,11,17,0,43,2,2,1,7,2,1,200,0.085,0.215,0.4,0.18,0.256,0.242,0.498,0.062,2.9,0.222,-0.5,-1,-1,-0.4,10,-14.8,0.229,39,0.264
2020,"Austin Hays","BAL",33,122,34,28,2,0,4,20,9,8,0,25,2,2,0,1,2,3,134,0.06,0.187,0.32,0.279,0.328,0.393,0.722,0.115,3.4,0.316,0.7,0.4,0.4,-1,16,-0.6,0.315,96,0.256
2021,"Austin Hays","BAL",131,488,125,73,26,4,22,73,71,28,0,107,9,1,3,9,4,3,529,0.053,0.202,0.26,0.256,0.308,0.461,0.769,0.205,4.8,0.286,-0.2,0.7,0,-0.8,70,6.1,0.328,106,0.25
2022,"Austin Hays","BAL",145,535,134,81,35,2,16,66,60,34,0,114,10,3,0,11,2,4,582,0.058,0.196,0.3,0.25,0.306,0.413,0.719,0.163,3,0.289,2.3,0,1.5,-1.7,68,1.9,0.314,106,0.275
2023,"Austin Hays","BAL",144,520,143,89,36,2,16,76,67,38,1,141,3,5,0,11,5,1,566,0.067,0.249,0.27,0.275,0.325,0.444,0.769,0.169,4.3,0.345,-3.3,-0.2,-0.9,-0.4,74,5.5,0.33,111,0.255
2021,"Austin Hedges","CLE",88,286,51,34,7,0,10,32,31,15,1,87,1,3,7,7,1,0,312,0.048,0.279,0.17,0.178,0.22,0.308,0.527,0.129,3.1,0.214,-0.1,-0.1,-0.7,0,15,-22.5,0.227,42,0.163
2022,"Austin Hedges","CLE",105,294,48,37,4,0,7,26,30,25,0,78,6,3,10,12,2,0,338,0.074,0.231,0.32,0.163,0.241,0.248,0.489,0.085,2.9,0.193,-1.9,-1.8,-0.6,0.1,16,-22.8,0.225,43,0.18
2023,"Austin Hedges","PIT",65,161,29,23,5,0,1,13,14,11,0,39,2,3,9,7,1,0,187,0.059,0.209,0.28,0.18,0.237,0.23,0.467,0.05,3,0.226,0,-0.4,-0.3,-0.1,6,-16.4,0.213,26,0.152
2020,"Austin Meadows","TBR",36,132,27,14,8,1,4,19,13,17,0,50,1,2,0,0,2,1,152,0.112,0.329,0.34,0.205,0.296,0.371,0.667,0.167,5.2,0.288,-0.8,0.5,-0.4,-0.1,15,-3.6,0.292,88,0.234
2021,"Austin Meadows","TBR",142,518,121,62,29,3,27,79,106,59,3,122,6,8,0,4,4,3,591,0.1,0.206,0.48,0.234,0.315,0.458,0.772,0.224,4.1,0.249,-3,2.2,-1,-0.9,78,6.3,0.327,112,0.25
2020,"Austin Nola","SEA",29,98,30,19,5,1,5,15,19,9,1,17,2,1,0,1,0,0,110,0.082,0.155,0.53,0.306,0.373,0.531,0.903,0.224,3.1,0.325,-0.4,0.3,-0.6,-0.1,19,5.6,0.38,148,0.272
2021,"Austin Nola","SDP",56,173,47,33,12,0,2,15,29,14,0,19,5,2,0,2,0,1,194,0.072,0.098,0.74,0.272,0.34,0.376,0.716,0.104,1.3,0.292,0.4,0.4,0.4,-0.6,24,0.2,0.316,101,0.251
2022,"Austin Nola","SDP",110,347,87,68,15,0,4,40,40,34,1,60,6,9,1,5,2,1,397,0.086,0.151,0.57,0.251,0.321,0.329,0.649,0.078,2.5,0.284,-0.7,0.3,-1.2,-0.4,39,-6.4,0.29,89,0.146
2020,"Austin Riley","ATL",51,188,45,29,7,1,8,24,27,16,1,49,1,1,0,5,0,0,206,0.078,0.238,0.33,0.239,0.301,0.415,0.716,0.176,2.4,0.28,0.1,-0.4,0.3,-0.1,24,-2.3,0.307,88,0.303
2021,"Austin Riley","ATL",160,590,179,112,33,1,33,91,107,52,2,168,12,8,0,11,0,1,662,0.079,0.254,0.31,0.303,0.367,0.531,0.898,0.227,2,0.368,-3.2,0.1,0.5,-1,116,35.6,0.379,136,0.273
2022,"Austin Riley","ATL",159,615,168,89,39,2,38,90,93,57,1,168,17,4,0,13,2,0,693,0.082,0.242,0.34,0.273,0.349,0.528,0.878,0.255,3,0.315,-1.7,0.3,-0.5,-0.3,116,36.8,0.377,144,0.281
2023,"Austin Riley","ATL",159,636,179,107,32,3,37,117,97,59,4,172,9,11,0,18,3,1,715,0.083,0.241,0.34,0.281,0.345,0.516,0.861,0.234,4.1,0.324,4.3,-1.1,1.8,-1.1,113,26.3,0.363,128,0.256
2020,"Austin Slater","SFG",31,85,24,16,2,1,5,18,7,16,0,22,2,0,1,2,8,1,104,0.154,0.212,0.73,0.282,0.408,0.506,0.914,0.224,7.8,0.328,0.7,0.1,0.2,1.1,20,6.6,0.395,150,0.241
2021,"Austin Slater","SFG",129,274,66,41,12,1,12,39,32,28,2,84,4,0,0,7,15,2,306,0.092,0.275,0.33,0.241,0.32,0.423,0.744,0.182,6,0.303,1.4,-0.9,1.2,1.9,39,1.6,0.321,103,0.264
2022,"Austin Slater","SFG",125,277,73,49,15,2,7,49,34,40,0,89,6,2,0,9,12,1,325,0.123,0.274,0.45,0.264,0.366,0.408,0.774,0.144,6.8,0.361,3.1,-1.2,0,1.6,46,8.9,0.344,124,0.27
2023,"Austin Slater","SFG",89,185,50,36,9,0,5,24,20,20,0,58,2,0,0,2,2,2,207,0.097,0.28,0.34,0.27,0.348,0.4,0.748,0.13,2.5,0.369,0.7,0.3,-0.5,-0.9,27,2,0.33,109,0.2
2020,"Avisaíl García","MIL",53,181,43,31,10,0,2,20,15,20,2,49,6,0,0,2,1,3,207,0.097,0.237,0.41,0.238,0.333,0.326,0.659,0.088,2.2,0.315,0.1,0.2,-0.3,-1.3,22,-4.2,0.296,83,0.262
2021,"Avisaíl García","MIL",135,461,121,74,18,0,29,68,86,38,5,121,11,5,0,12,8,4,515,0.074,0.235,0.31,0.262,0.33,0.49,0.82,0.228,3.4,0.291,-0.2,0.2,-0.6,-0.5,76,13.4,0.346,115,0.224
2022,"Avisaíl García","MIA",98,357,80,63,9,0,8,31,35,17,0,109,4,2,0,12,4,0,380,0.045,0.287,0.16,0.224,0.266,0.317,0.582,0.092,3.3,0.298,-0.3,-1.4,-0.5,0.5,28,-15.5,0.258,61,0.185
2020,"Ben Gamel","MIL",40,114,27,15,8,1,3,13,10,13,0,39,0,0,0,4,0,2,127,0.102,0.307,0.33,0.237,0.315,0.404,0.718,0.167,3.8,0.333,-2.9,-0.9,-1.9,-1,15,-0.7,0.313,94,0.255
2021,"Ben Gamel","PIT",111,326,83,55,17,3,8,42,26,48,2,99,3,4,2,6,3,6,383,0.125,0.258,0.48,0.255,0.352,0.399,0.75,0.144,3.9,0.336,1.7,0.4,1.9,-2.3,51,4.2,0.328,103,0.232
2021,"Billy McKinney","NYM",39,91,20,8,6,1,5,15,14,11,0,31,0,0,0,1,1,0,102,0.108,0.304,0.35,0.22,0.304,0.473,0.776,0.253,6,0.273,-0.2,0,0.2,0.1,14,1.3,0.33,110,0.207
2021,"Billy McKinney","MIL",40,92,19,12,3,1,3,9,6,7,1,24,0,1,0,1,1,0,100,0.07,0.24,0.29,0.207,0.26,0.359,0.619,0.152,5,0.242,0.1,0.1,0.3,0.1,8,-4.3,0.263,61,0.227
2023,"Bo Naylor","CLE",67,198,47,23,13,0,11,33,32,30,1,53,1,1,0,2,5,0,230,0.13,0.23,0.57,0.237,0.339,0.47,0.809,0.232,4.6,0.267,1.4,0.9,1.1,0.6,33,5.4,0.347,123,0.201
2021,"Bobby Dalbec","BOS",133,417,100,49,21,5,25,50,78,28,1,156,7,1,0,3,2,0,453,0.062,0.344,0.18,0.24,0.298,0.494,0.792,0.254,4.6,0.316,-1.9,1.4,-0.2,0.1,62,7.3,0.334,106,0.215
2020,"Brad Miller","STL",48,142,33,17,8,1,7,21,25,25,1,46,3,1,0,2,1,0,171,0.146,0.269,0.54,0.232,0.357,0.451,0.807,0.218,4.2,0.289,-0.1,0.5,-0.6,0.1,26,4.2,0.349,121,0.227
2021,"Brad Miller","PHI",140,331,75,43,9,3,20,53,49,45,2,112,1,0,0,7,3,0,377,0.119,0.297,0.4,0.227,0.321,0.453,0.774,0.227,5.1,0.276,0.1,0.2,-0.5,0.3,51,5.3,0.331,106,0.212
2021,"Bradley Zimmer","CLE",99,299,68,50,9,1,8,44,35,30,0,122,15,4,0,3,15,3,348,0.086,0.351,0.25,0.227,0.325,0.344,0.669,0.117,6.4,0.347,0,0.6,-1,1.4,38,-4.2,0.3,91,0.101
2020,"Brandon Lowe","TBR",56,193,52,27,9,2,14,36,37,25,0,58,4,2,0,2,3,0,224,0.112,0.259,0.43,0.269,0.362,0.554,0.916,0.285,6.1,0.309,2.1,0.4,1.1,0.4,40,12.3,0.385,151,0.247
2021,"Brandon Lowe","TBR",149,535,132,62,31,0,39,97,99,68,4,167,9,3,0,2,7,1,615,0.111,0.272,0.41,0.247,0.34,0.523,0.863,0.277,3.8,0.28,2.6,1.8,1.3,0.5,99,24.9,0.363,136,0.221
2022,"Brandon Lowe","TBR",65,235,52,32,10,2,8,31,25,27,0,61,3,1,0,1,1,0,266,0.102,0.229,0.44,0.221,0.308,0.383,0.691,0.162,4.2,0.263,1,1.1,0,-0.1,30,-0.8,0.306,103,0.231
2023,"Brandon Lowe","TBR",109,377,87,50,15,1,21,58,68,50,0,119,6,3,0,8,7,0,436,0.115,0.273,0.42,0.231,0.328,0.443,0.771,0.212,4.9,0.275,0.3,0.7,0.7,0.6,59,5.6,0.334,116,0.244
2021,"Brandon Marsh","LAA",70,236,60,43,12,3,2,27,19,20,0,91,2,1,1,3,6,1,260,0.077,0.35,0.22,0.254,0.317,0.356,0.673,0.102,6.5,0.403,2.4,0.5,1.3,0.6,28,-3.9,0.296,85,0.288
2022,"Brandon Marsh","PHI",41,132,38,24,9,2,3,15,15,6,0,41,0,0,0,2,2,2,138,0.043,0.297,0.15,0.288,0.319,0.455,0.773,0.167,5.4,0.398,-0.3,0.5,0.6,-0.5,18,2.7,0.334,115,0.226
2022,"Brandon Marsh","LAA",93,292,66,47,9,2,8,34,37,22,1,117,3,3,3,2,8,2,323,0.068,0.362,0.19,0.226,0.284,0.353,0.637,0.127,5.8,0.341,1.3,1,1.2,0.5,29,-7.7,0.28,79,0.277
2023,"Brandon Marsh","PHI",133,404,112,69,25,6,12,58,60,59,2,144,4,4,1,4,10,2,472,0.125,0.305,0.41,0.277,0.372,0.458,0.829,0.181,6.3,0.397,1.7,1.2,2.6,0.2,73,15.6,0.358,124,0.249
2022,"Brendan Donovan","STL",126,391,110,83,21,1,5,64,45,60,1,70,14,2,1,8,2,3,468,0.128,0.15,0.86,0.281,0.394,0.379,0.773,0.097,2.9,0.33,-0.2,-0.3,-1,-1.4,68,14.5,0.349,127,0.284
2023,"Brendan Donovan","STL",95,327,93,71,10,1,11,48,34,33,2,53,9,1,1,4,5,1,371,0.089,0.143,0.62,0.284,0.365,0.422,0.787,0.138,4.1,0.311,2.8,0.6,0,-0.3,53,8.1,0.345,118,0.278
2021,"Brendan Rodgers","COL",102,387,110,71,21,3,15,49,51,19,0,84,7,2,0,8,0,0,415,0.046,0.202,0.23,0.284,0.328,0.47,0.798,0.186,2.6,0.328,-0.2,0.2,0.4,-0.3,59,9.1,0.341,98,0.266
2022,"Brendan Rodgers","COL",137,527,140,94,30,3,13,72,63,46,0,101,3,5,0,25,0,0,581,0.079,0.174,0.46,0.266,0.325,0.408,0.733,0.142,2.6,0.304,2.3,-3.4,-0.4,-0.6,72,5.2,0.321,94,0.258
2023,"Brendan Rodgers","COL",46,178,46,32,9,1,4,21,20,11,0,41,3,0,0,6,0,0,192,0.057,0.214,0.27,0.258,0.313,0.388,0.7,0.129,2.5,0.316,-0.3,-0.8,0,-0.4,22,-1.9,0.307,77,0.267
2023,"Brenton Doyle","COL",126,399,81,50,16,5,10,48,48,22,0,151,4,3,3,9,22,5,431,0.051,0.35,0.15,0.203,0.25,0.343,0.593,0.14,8.1,0.295,1.4,-0.1,1.5,1.7,31,-21.9,0.257,44,0.26
2023,"Brett Baty","NYM",108,353,75,54,12,0,9,41,34,29,0,109,2,1,1,8,2,0,389,0.075,0.28,0.27,0.212,0.275,0.323,0.598,0.11,3.1,0.28,0.1,-0.5,-0.3,-0.3,30,-17.1,0.266,67,0.229
2021,"Brett Phillips","TBR",119,253,52,26,9,4,13,50,44,33,0,113,2,2,2,3,14,3,292,0.113,0.387,0.29,0.206,0.3,0.427,0.727,0.221,8.7,0.302,1.7,0.5,1.8,1.3,35,-0.4,0.313,102,0.147
2023,"Brett Wisely","SFG",51,120,21,14,5,0,2,10,8,9,0,40,0,1,1,2,2,1,131,0.069,0.305,0.23,0.175,0.231,0.267,0.497,0.092,3.4,0.241,-0.6,-0.2,-0.4,-0.2,5,-10.5,0.222,36,0.238
2020,"Brian Anderson","MIA",59,200,51,32,7,1,11,27,38,22,1,66,6,1,0,2,0,0,229,0.096,0.288,0.33,0.255,0.345,0.465,0.81,0.21,2.4,0.323,0.2,0.6,0.2,-0.2,34,5.4,0.348,120,0.249
2021,"Brian Anderson","MIA",67,233,58,42,9,0,7,24,28,26,2,65,5,0,0,4,5,0,264,0.098,0.246,0.4,0.249,0.337,0.378,0.715,0.129,3.6,0.317,-0.1,-0.3,0.5,0.8,32,0,0.314,95,0.222
2022,"Brian Anderson","MIA",98,338,75,50,16,1,8,43,28,37,2,101,7,1,0,7,1,0,383,0.097,0.264,0.37,0.222,0.311,0.346,0.657,0.124,3.3,0.291,-0.2,0.3,0,-0.2,39,-5,0.293,85,0.226
2020,"Bryce Harper","PHI",58,190,51,27,9,2,13,41,33,49,8,43,2,2,1,5,8,2,244,0.201,0.176,1.14,0.268,0.42,0.542,0.962,0.274,6,0.279,-1.4,0.3,-1.3,0.5,47,16.5,0.4,150,0.309
2021,"Bryce Harper","PHI",141,488,151,73,42,1,35,101,84,100,14,134,5,4,2,12,13,3,599,0.167,0.224,0.75,0.309,0.429,0.615,1.044,0.305,4.3,0.359,-2.5,-0.8,-1.1,0.8,130,57.7,0.431,170,0.286
2022,"Bryce Harper","PHI",99,370,106,59,28,1,18,63,65,46,9,87,3,7,0,13,11,4,426,0.108,0.204,0.53,0.286,0.364,0.514,0.877,0.227,4.6,0.324,-0.7,-0.4,1,0.2,69,20.2,0.369,139,0.293
2023,"Bryce Harper","PHI",126,457,134,83,29,1,21,84,72,80,8,119,5,4,0,10,11,3,546,0.147,0.218,0.67,0.293,0.401,0.499,0.9,0.206,4.3,0.352,-2.3,0.1,0,-0.3,96,29.9,0.384,141,0.285
2022,"CJ Abrams","WSN",44,159,41,32,7,2,0,17,10,1,0,23,3,0,0,1,6,2,163,0.006,0.141,0.04,0.258,0.276,0.327,0.603,0.069,6.9,0.301,0.9,0.7,0.7,0.3,13,-5.8,0.265,69,0.232
2022,"CJ Abrams","SDP",46,125,29,22,5,0,2,16,11,4,0,27,6,2,2,4,1,2,139,0.029,0.194,0.15,0.232,0.285,0.32,0.605,0.088,3.4,0.276,1.2,-0.6,0.3,-0.7,11,-4.4,0.27,75,0.245
2023,"CJ Abrams","WSN",151,563,138,86,28,6,18,83,64,32,2,118,13,3,3,7,47,4,614,0.052,0.192,0.27,0.245,0.3,0.412,0.712,0.167,8.4,0.279,1.5,1.3,2.5,6.7,69,-6.2,0.306,91,0.246
2020,"Carlos Santana","CLE",60,206,41,26,7,0,8,34,30,47,1,43,1,1,0,5,0,0,255,0.184,0.169,1.09,0.199,0.349,0.35,0.699,0.15,1.5,0.212,-0.5,-0.2,0.1,-0.2,31,-0.8,0.316,99,0.214
2021,"Carlos Santana","KCR",158,565,121,87,15,0,19,66,69,86,3,102,3,5,0,12,2,0,659,0.131,0.155,0.84,0.214,0.319,0.342,0.66,0.127,2.1,0.227,-0.9,0.3,-3,-0.2,69,-11.2,0.294,81,0.216
2022,"Carlos Santana","KCR",52,176,38,24,10,0,4,17,21,36,1,28,0,0,0,1,0,0,212,0.17,0.132,1.29,0.216,0.349,0.341,0.69,0.125,0.7,0.236,-0.2,0.7,-0.6,-0.2,25,0.7,0.314,100,0.192
2022,"Carlos Santana","SEA",79,255,49,26,8,0,15,35,39,35,1,60,2,2,0,8,0,0,294,0.119,0.204,0.58,0.192,0.293,0.4,0.693,0.208,1.3,0.187,1,0,0.4,-0.3,32,-1.4,0.304,103,0.249
2023,"Carlos Santana","MIL",52,205,51,31,8,1,11,33,33,20,0,35,0,1,0,8,0,0,226,0.088,0.155,0.57,0.249,0.314,0.459,0.773,0.21,2.8,0.25,1.1,-0.5,0.3,-0.4,30,2.4,0.331,108,0.235
2023,"Carlos Santana","PIT",94,345,81,44,25,0,12,45,53,45,0,69,0,3,0,3,6,0,393,0.115,0.176,0.65,0.235,0.321,0.412,0.732,0.177,3.9,0.258,0.6,0.9,0.1,0.5,48,0.1,0.319,97,0.238
2020,"Carter Kieboom","WSN",33,99,20,19,1,0,0,15,9,17,0,33,5,1,0,6,0,1,122,0.139,0.27,0.52,0.202,0.344,0.212,0.556,0.01,2.5,0.299,-0.3,-0.9,-0.4,-0.6,11,-4.6,0.275,68,0.207
2023,"Casey Schmitt","SFG",90,253,52,32,15,0,5,28,30,13,0,65,5,3,3,7,2,1,277,0.047,0.235,0.2,0.206,0.255,0.324,0.58,0.119,3.4,0.253,-1.3,-0.3,-0.4,-0.4,19,-14.8,0.254,58,0.252
2020,"Charlie Blackmon","COL",59,221,67,48,12,1,6,31,42,19,4,44,2,5,0,4,2,1,247,0.077,0.178,0.43,0.303,0.356,0.448,0.804,0.145,3.8,0.347,0.2,-0.2,-0.8,-0.2,35,4.2,0.34,97,0.27
2021,"Charlie Blackmon","COL",150,514,139,97,25,4,13,76,78,54,1,91,11,3,0,8,3,0,582,0.093,0.156,0.59,0.27,0.351,0.411,0.761,0.14,4.3,0.305,0.6,0.8,-2.3,0,79,8.8,0.333,93,0.264
2022,"Charlie Blackmon","COL",135,530,140,96,22,6,16,60,78,32,4,109,8,3,4,10,4,1,577,0.055,0.189,0.29,0.264,0.314,0.419,0.733,0.155,4.5,0.304,0.6,0.9,0.9,-0.1,69,3.4,0.317,91,0.279
2023,"Charlie Blackmon","COL",96,359,100,63,24,5,8,57,40,39,0,55,11,4,0,6,4,1,413,0.094,0.133,0.71,0.279,0.363,0.44,0.803,0.162,5.6,0.307,-0.8,-0.5,-1,-0.5,61,10.8,0.35,106,0.256
2021,"Chas McCormick","HOU",108,284,73,47,12,0,14,47,50,25,0,104,4,7,0,5,4,2,320,0.078,0.325,0.24,0.257,0.319,0.447,0.766,0.19,3.7,0.341,-0.6,0.5,-0.9,-0.3,42,3.2,0.327,108,0.245
2022,"Chas McCormick","HOU",119,359,88,60,12,2,14,47,44,46,0,106,1,1,0,5,4,3,407,0.113,0.26,0.43,0.245,0.332,0.407,0.738,0.162,3.8,0.308,-0.6,0.3,-0.9,-0.8,52,5.3,0.326,115,0.273
2023,"Chas McCormick","HOU",115,403,110,69,17,2,22,59,70,40,0,117,11,2,1,3,19,6,457,0.088,0.256,0.34,0.273,0.353,0.489,0.842,0.216,5.4,0.331,-0.6,2,-0.3,0.3,72,16.6,0.362,132,0.211
2020,"Chris Taylor","LAD",56,185,50,30,10,2,8,30,32,26,0,55,2,0,1,3,3,2,214,0.121,0.257,0.47,0.27,0.366,0.476,0.842,0.205,5.2,0.344,-0.5,0.1,-0.8,-0.5,35,7.9,0.364,129,0.254
2021,"Chris Taylor","LAD",148,507,129,80,25,4,20,92,73,63,2,167,8,3,1,5,13,1,582,0.108,0.287,0.38,0.254,0.344,0.438,0.782,0.183,6.4,0.337,2.8,2,2.3,1.7,82,11.4,0.338,113,0.221
2022,"Chris Taylor","LAD",118,402,89,51,25,3,10,45,43,44,2,160,5,3,0,4,10,1,454,0.097,0.352,0.28,0.221,0.304,0.373,0.677,0.152,5.6,0.336,0.6,1.6,2.3,1.2,48,-4.3,0.298,93,0.237
2023,"Chris Taylor","LAD",117,338,80,49,15,1,15,51,56,41,2,125,4,1,0,2,16,3,384,0.107,0.326,0.33,0.237,0.326,0.42,0.746,0.183,5.7,0.327,0.6,1.5,0.3,1.2,48,1.6,0.323,103,0.202
2023,"Christian Encarnacion-St...","CIN",63,222,60,40,7,0,13,29,37,14,0,69,5,0,0,5,2,0,241,0.058,0.286,0.2,0.27,0.328,0.477,0.805,0.207,3,0.336,-1.5,-0.8,0,-0.1,35,5.6,0.346,113,0.19
2020,"Christian Walker","ARI",57,218,59,33,18,1,7,35,34,19,0,50,3,3,0,6,1,1,243,0.078,0.206,0.38,0.271,0.333,0.459,0.792,0.188,3.8,0.317,1.2,0,0.2,-0.4,34,3.9,0.339,110,0.244
2021,"Christian Walker","ARI",115,401,98,64,23,1,10,55,46,38,1,106,4,2,0,8,0,0,445,0.085,0.238,0.36,0.244,0.315,0.382,0.696,0.137,2.2,0.307,1.5,0,0.6,-0.4,50,-3.9,0.304,88,0.242
2022,"Christian Walker","ARI",160,583,141,78,25,2,36,84,94,69,2,131,8,7,0,15,2,2,667,0.103,0.196,0.53,0.242,0.327,0.477,0.804,0.235,2.7,0.248,0.6,0.1,-0.7,-1,96,19.3,0.346,122,0.258
2023,"Christian Walker","ARI",157,582,150,79,36,2,33,86,103,62,3,127,8,8,0,13,11,0,661,0.094,0.192,0.49,0.258,0.333,0.497,0.83,0.239,4.8,0.272,0.4,-0.9,0.1,1.1,98,17.9,0.351,120,0.251
2020,"Christian Yelich","MIL",58,200,41,21,7,1,12,39,22,46,2,76,1,0,0,4,4,2,247,0.186,0.308,0.61,0.205,0.356,0.43,0.786,0.225,4.9,0.259,-0.9,0,0.3,-0.3,36,4.8,0.343,114,0.248
2021,"Christian Yelich","MIL",117,399,99,69,19,2,9,70,51,70,5,113,3,3,0,5,9,3,475,0.147,0.238,0.62,0.248,0.362,0.373,0.736,0.125,5,0.321,0.9,0.8,1,0.1,62,4,0.325,102,0.252
2022,"Christian Yelich","MIL",154,575,145,102,25,4,14,99,57,88,5,162,5,2,1,9,19,3,671,0.131,0.241,0.54,0.252,0.355,0.383,0.738,0.13,6,0.327,1.3,0.3,1.4,1.8,86,9.5,0.328,111,0.278
2023,"Christian Yelich","MIL",144,550,153,99,34,1,19,106,76,78,7,140,3,1,0,15,28,3,632,0.123,0.222,0.56,0.278,0.37,0.447,0.818,0.169,6,0.342,6.2,-1.7,4.3,3,95,18.4,0.353,123,0.315
2020,"Clint Frazier","NYY",39,131,35,20,6,1,8,24,26,25,0,44,3,1,0,5,3,0,160,0.156,0.275,0.57,0.267,0.394,0.511,0.905,0.244,5.6,0.338,0.2,-0.5,-0.5,0.4,29,9.3,0.388,150,0.186
2020,"Cole Tucker","PIT",37,109,24,20,3,0,1,17,8,5,0,31,0,1,1,3,1,0,116,0.043,0.267,0.16,0.22,0.252,0.275,0.527,0.055,4.6,0.295,0.7,-0.3,0.7,0.1,6,-8.5,0.233,41,0.222
2022,"Corbin Carroll","ARI",32,104,27,12,9,2,4,13,14,8,0,31,3,0,0,1,2,1,115,0.07,0.27,0.26,0.26,0.33,0.5,0.83,0.24,6,0.333,0.8,0.2,1.6,-0.1,18,4.4,0.358,130,0.285
2023,"Corbin Carroll","ARI",155,565,161,96,30,10,25,116,76,57,1,125,13,4,6,7,54,5,645,0.088,0.194,0.46,0.285,0.362,0.506,0.868,0.221,9.3,0.325,6,2.4,4.9,7.4,106,27.8,0.37,133,0.231
2020,"Corey Dickerson","MIA",52,194,50,37,5,1,7,25,17,15,1,35,0,0,0,5,1,1,210,0.071,0.167,0.43,0.258,0.311,0.402,0.713,0.144,3.3,0.283,0.7,-0.3,-0.2,-0.4,24,-2.1,0.308,93,0.282
2021,"Corey Dickerson","TOR",46,131,37,25,6,2,4,16,15,9,1,23,0,0,0,3,4,1,140,0.064,0.164,0.39,0.282,0.329,0.45,0.779,0.168,6.3,0.317,0.3,0,-0.3,0.3,19,2,0.332,107,0.263
2021,"Corey Dickerson","MIA",63,205,54,37,12,3,2,27,14,16,0,45,3,1,0,5,2,4,225,0.071,0.2,0.36,0.263,0.324,0.38,0.705,0.117,5.1,0.327,-0.5,0.1,1.3,-1.5,26,-1.1,0.308,91,0.267
2022,"Corey Dickerson","STL",97,281,75,51,17,1,6,28,36,12,1,48,2,2,0,4,0,0,297,0.04,0.162,0.25,0.267,0.3,0.399,0.698,0.132,2,0.301,-0.5,0.4,1.2,-0.3,32,-1.7,0.303,96,0.25
2020,"Corey Seager","LAD",52,212,65,37,12,1,15,38,41,17,0,37,1,2,0,8,1,0,232,0.073,0.159,0.46,0.307,0.358,0.585,0.943,0.278,3.9,0.309,-1,-0.8,-0.1,0,44,14.5,0.394,149,0.306
2021,"Corey Seager","LAD",95,353,108,67,22,3,16,54,57,48,2,66,5,3,0,8,1,1,409,0.117,0.161,0.73,0.306,0.394,0.521,0.915,0.215,3.3,0.336,-0.7,-0.6,0.5,-0.6,75,25.3,0.389,146,0.245
2022,"Corey Seager","TEX",151,593,145,87,24,1,33,91,83,58,7,103,7,5,0,14,3,0,663,0.087,0.155,0.56,0.245,0.317,0.455,0.772,0.211,3.2,0.242,2.9,-0.3,0.2,0,87,11.3,0.331,117,0.327
2023,"Corey Seager","TEX",119,477,156,81,42,0,33,88,96,49,9,88,4,6,0,9,2,1,536,0.091,0.164,0.56,0.327,0.39,0.623,1.013,0.296,2.4,0.34,-4.4,0,-1.8,-1,110,44.6,0.419,173,0.278
2022,"Cristian Pache","OAK",91,241,40,30,5,2,3,18,18,15,0,70,1,0,3,5,2,2,260,0.058,0.269,0.21,0.166,0.218,0.241,0.459,0.075,4.1,0.22,-0.4,-0.7,0.1,-0.6,9,-21.1,0.207,33,0.202
2021,"Curt Casali","SFG",77,200,42,25,11,1,5,20,26,26,4,66,4,0,1,3,0,0,231,0.113,0.286,0.39,0.21,0.313,0.35,0.663,0.14,2,0.287,-0.6,0.6,-1.2,-0.2,23,-4.8,0.289,82,0.231
2022,"Curt Casali","SFG",41,108,25,18,3,0,4,13,14,15,0,36,1,2,0,1,0,0,126,0.119,0.286,0.42,0.231,0.325,0.37,0.696,0.139,1.1,0.3,-0.4,0.2,0,-0.1,14,0,0.31,101,0.194
2020,"DJ Stewart","BAL",31,88,17,8,2,0,7,13,15,20,0,38,2,0,2,0,0,0,112,0.179,0.339,0.53,0.193,0.355,0.455,0.809,0.261,0.8,0.233,0,0.6,-0.1,-0.1,17,3.1,0.353,123,0.204
2021,"DJ Stewart","BAL",100,270,55,33,10,0,12,39,33,44,1,89,4,0,0,3,0,0,318,0.138,0.28,0.49,0.204,0.324,0.374,0.698,0.17,1.5,0.254,1.4,0.6,0.6,-0.3,37,-1.3,0.31,94,0.244
2023,"DJ Stewart","NYM",58,160,39,19,9,0,11,21,26,15,0,56,7,1,1,3,1,1,185,0.081,0.303,0.27,0.244,0.333,0.506,0.84,0.263,2,0.298,-0.5,0.8,0.4,-0.5,29,6.1,0.358,129,0.177
2021,"Daniel Vogelbach","MIL",93,215,47,30,8,0,9,30,24,43,1,57,0,0,0,6,0,0,258,0.167,0.221,0.75,0.219,0.349,0.381,0.73,0.163,1.1,0.255,-3.1,-0.8,-3.8,-0.2,33,2.2,0.325,102,0.255
2022,"Daniel Vogelbach","NYM",55,149,38,23,9,0,6,18,25,33,1,47,1,0,0,3,0,0,183,0.18,0.257,0.7,0.255,0.393,0.436,0.83,0.181,0.7,0.333,-1.2,0.1,-0.9,-0.2,29,8.4,0.367,142,0.228
2022,"Daniel Vogelbach","PIT",75,237,54,31,10,1,12,29,34,40,1,67,0,1,0,8,0,0,278,0.144,0.241,0.6,0.228,0.338,0.43,0.769,0.203,1.8,0.264,-0.9,-0.8,-2.2,-0.3,38,6,0.337,115,0.233
2020,"Danny Jansen","TOR",43,120,22,13,3,0,6,18,20,21,0,31,2,1,3,1,0,0,147,0.143,0.211,0.68,0.183,0.313,0.358,0.671,0.175,1.5,0.19,-1.2,0.6,-0.5,-0.1,16,-2.5,0.3,84,0.223
2021,"Danny Jansen","TOR",70,184,41,17,13,0,11,32,28,17,0,44,3,0,1,4,0,0,205,0.083,0.215,0.39,0.223,0.299,0.473,0.772,0.25,2.3,0.233,-0.2,-0.2,-0.8,-0.1,27,2.4,0.329,105,0.26
2022,"Danny Jansen","TOR",72,215,56,31,10,0,15,34,44,25,1,44,3,5,0,1,1,0,248,0.101,0.177,0.57,0.26,0.339,0.516,0.855,0.256,2.5,0.255,-0.1,0.9,0.4,0,39,10.6,0.364,141,0.228
2023,"Danny Jansen","TOR",86,268,61,29,15,0,17,38,53,23,1,62,10,0,0,3,0,0,301,0.076,0.206,0.37,0.228,0.312,0.474,0.786,0.246,1.5,0.233,0.3,1,-0.6,-0.5,41,4.5,0.336,115,0.212
2020,"Danny Mendick","CHW",33,107,26,18,4,1,3,11,6,6,0,25,0,1,0,3,0,1,114,0.053,0.219,0.24,0.243,0.281,0.383,0.664,0.14,3.3,0.288,0.5,-0.4,0,-0.5,11,-3.3,0.285,78,0.22
2021,"Danny Mendick","CHW",71,164,36,29,5,0,2,14,20,18,0,42,2,1,1,1,0,1,186,0.097,0.226,0.43,0.22,0.303,0.287,0.589,0.067,1.3,0.281,0.5,1,0.2,-0.6,15,-7.1,0.268,67,0.289
2022,"Danny Mendick","CHW",31,97,28,20,4,1,3,22,15,7,0,23,1,0,1,2,1,0,106,0.066,0.217,0.3,0.289,0.343,0.443,0.786,0.155,6.4,0.352,0.7,0.2,0.3,0.1,15,2.9,0.344,125,0.197
2020,"Dansby Swanson","ATL",60,237,65,40,15,0,10,49,35,22,0,71,4,1,0,0,5,0,264,0.083,0.269,0.31,0.274,0.345,0.464,0.809,0.19,5.4,0.35,1.9,1.5,0.9,0.8,39,6.4,0.348,115,0.248
2021,"Dansby Swanson","ATL",160,588,146,84,33,2,27,78,88,52,4,167,5,7,1,7,9,3,653,0.08,0.256,0.31,0.248,0.311,0.449,0.76,0.201,4.2,0.297,2,1.3,1.7,0.1,83,4.3,0.322,99,0.277
2022,"Dansby Swanson","ATL",162,640,177,119,32,1,25,99,96,49,0,182,3,4,0,12,18,7,696,0.07,0.261,0.27,0.277,0.329,0.447,0.776,0.17,4.8,0.348,3.2,-0.2,3.6,0.1,95,15.3,0.337,117,0.244
2023,"Dansby Swanson","CHC",147,565,138,88,25,3,22,81,80,66,0,154,5,2,0,9,9,1,638,0.103,0.241,0.43,0.244,0.328,0.416,0.744,0.172,4.8,0.297,3.2,1.2,2.2,0.2,81,3.3,0.325,105,0.242
2020,"Darin Ruf","SFG",40,87,24,13,6,0,5,11,18,13,0,23,0,0,0,1,1,0,100,0.13,0.23,0.57,0.276,0.37,0.517,0.887,0.241,2.7,0.322,0.3,0.5,-0.4,0.1,18,5,0.379,140,0.271
2021,"Darin Ruf","SFG",117,262,71,40,13,2,16,41,43,46,2,87,3,1,0,8,2,0,312,0.147,0.279,0.53,0.271,0.385,0.519,0.904,0.248,4.1,0.344,-0.6,-0.5,-0.5,0.1,56,18,0.384,144,0.216
2020,"Daulton Varsho","ARI",37,101,19,9,5,2,3,16,9,12,0,33,2,0,0,1,3,1,115,0.104,0.287,0.36,0.188,0.287,0.366,0.653,0.178,7.7,0.246,-0.5,0.3,0.8,0.1,11,-3.2,0.287,76,0.246
2021,"Daulton Varsho","ARI",95,284,70,40,17,2,11,41,38,30,3,67,0,0,1,4,6,0,315,0.095,0.213,0.45,0.246,0.318,0.437,0.755,0.19,5.7,0.286,3,1,1.9,1,40,2,0.322,100,0.235
2022,"Daulton Varsho","ARI",151,531,125,72,23,3,27,79,74,46,0,145,7,5,2,8,16,6,592,0.078,0.245,0.32,0.235,0.302,0.443,0.745,0.207,5.7,0.269,2.9,0.2,1.9,0.3,74,6.1,0.323,106,0.22
2023,"Daulton Varsho","TOR",158,527,116,70,23,3,20,65,61,45,0,135,4,3,1,5,16,7,581,0.077,0.232,0.33,0.22,0.285,0.389,0.674,0.169,5.4,0.256,2.1,1.4,3,-0.7,58,-12.5,0.293,84,0.214
2020,"David Fletcher","LAA",49,207,66,50,13,0,3,31,18,20,0,25,0,2,1,4,2,1,230,0.087,0.109,0.8,0.319,0.376,0.425,0.801,0.106,3,0.348,0,-0.4,-0.6,-0.3,35,5.9,0.35,121,0.262
2021,"David Fletcher","LAA",157,626,164,132,27,3,2,74,47,31,1,60,1,1,6,10,15,3,665,0.047,0.09,0.52,0.262,0.297,0.324,0.622,0.062,5.2,0.287,2.3,-0.2,1.8,1.2,58,-22.7,0.273,69,0.255
2023,"David Fry","CLE",58,101,24,14,6,0,4,12,15,8,0,30,4,0,0,3,2,0,113,0.071,0.265,0.27,0.238,0.319,0.416,0.734,0.178,4.1,0.299,0.4,0,-0.3,0.2,14,0.3,0.321,105,0.263
2020,"David Peralta","ARI",54,203,61,45,10,1,5,19,34,13,0,45,0,2,0,4,1,0,218,0.06,0.206,0.29,0.3,0.339,0.433,0.773,0.133,3.1,0.361,-0.2,0.2,-0.5,0,30,2.5,0.333,106,0.259
2021,"David Peralta","ARI",150,487,126,80,30,8,8,57,63,46,3,92,3,2,0,9,2,1,538,0.086,0.171,0.5,0.259,0.325,0.402,0.728,0.144,4.6,0.303,1.9,0.6,1.8,-0.5,65,-0.1,0.314,95,0.255
2022,"David Peralta","TBR",47,161,41,29,11,1,0,10,18,14,1,40,2,3,0,2,0,1,180,0.078,0.222,0.35,0.255,0.317,0.335,0.652,0.081,2.3,0.331,0.5,0.4,0.7,-0.6,17,-3.1,0.288,90,0.248
2022,"David Peralta","ARI",87,278,69,36,19,2,12,29,41,27,4,74,2,3,0,6,1,2,310,0.087,0.239,0.36,0.248,0.316,0.46,0.777,0.212,2.7,0.292,0.3,0.3,1.2,-0.8,41,5.1,0.331,112,0.259
2023,"David Peralta","LAD",133,394,102,69,25,1,7,47,55,20,1,72,2,6,0,8,4,1,422,0.047,0.171,0.28,0.259,0.294,0.381,0.675,0.122,4,0.296,-3.9,0.1,-2.8,-0.3,42,-9.8,0.29,80,0.267
2022,"David Villar","SFG",52,156,36,20,6,1,9,21,24,18,0,58,6,1,0,4,0,1,181,0.099,0.32,0.31,0.231,0.331,0.455,0.787,0.224,3.1,0.3,0.4,-0.1,-0.4,-0.6,26,4.9,0.344,124,0.145
2021,"Daz Cameron","DET",35,103,20,11,5,0,4,16,13,10,0,38,2,0,0,2,6,0,115,0.087,0.33,0.26,0.194,0.278,0.359,0.637,0.165,6.6,0.262,1.3,-0.1,1.1,1.1,11,-3.2,0.281,76,0.2
2021,"Derek Hill","DET",49,139,36,27,3,3,3,19,14,10,0,42,1,0,0,2,6,3,150,0.067,0.28,0.24,0.259,0.313,0.388,0.702,0.129,7.1,0.351,0.5,0,1.5,-0.2,17,-1.1,0.305,93,0.234
2020,"Didi Gregorius","PHI",60,215,61,39,10,2,10,34,40,15,3,28,4,2,1,4,3,2,237,0.063,0.118,0.54,0.284,0.339,0.488,0.827,0.205,4.9,0.285,0.1,0.7,0.6,-0.4,35,5.6,0.348,116,0.209
2021,"Didi Gregorius","PHI",103,368,77,46,16,2,13,35,54,25,1,67,8,7,0,8,3,0,408,0.061,0.164,0.37,0.209,0.27,0.37,0.639,0.16,3.9,0.217,0.8,0.4,0.5,0.3,36,-13.3,0.275,69,0.21
2023,"Dominic Canzone","SEA",44,135,29,13,11,0,5,19,13,6,0,24,0,0,0,4,1,0,141,0.043,0.17,0.25,0.215,0.248,0.407,0.656,0.193,4.3,0.226,-1.2,-0.1,-1.2,0.1,13,-4.6,0.279,81,0.196
2020,"Donovan Solano","SFG",54,190,62,43,15,1,3,22,29,10,0,39,2,1,0,2,0,0,203,0.049,0.192,0.26,0.326,0.365,0.463,0.828,0.137,2.2,0.396,-0.2,0.8,0.1,-0.2,32,6.4,0.357,125,0.28
2021,"Donovan Solano","SFG",101,307,86,62,17,0,7,35,31,25,2,58,7,4,1,8,2,0,344,0.073,0.169,0.43,0.28,0.344,0.404,0.748,0.124,2.7,0.321,0.1,-0.4,-0.6,0.1,44,2.8,0.324,105,0.284
2022,"Donovan Solano","CIN",80,278,79,59,16,0,4,22,24,19,1,61,5,2,0,5,0,0,304,0.063,0.201,0.31,0.284,0.339,0.385,0.724,0.101,0.7,0.349,-1.9,0.2,-1.8,-0.3,37,2.2,0.319,99,0.282
2023,"Donovan Solano","MIN",134,394,111,79,26,1,5,43,38,40,1,100,15,1,0,8,0,0,450,0.089,0.222,0.4,0.282,0.369,0.391,0.76,0.109,1.6,0.366,-1.8,0.1,-1.9,-1,62,7.3,0.338,114,0.286
2022,"Drew Waters","KCR",32,96,23,11,6,1,5,14,18,12,0,40,0,0,0,1,0,0,109,0.11,0.367,0.3,0.24,0.324,0.479,0.803,0.24,3.6,0.353,-0.4,0.3,0.4,-0.1,16,3.3,0.347,123,0.228
2020,"Dylan Moore","SEA",38,137,35,18,9,0,8,26,17,14,0,43,8,0,0,4,12,5,159,0.088,0.27,0.33,0.255,0.358,0.496,0.855,0.241,6,0.314,0.5,-0.3,-0.1,0.1,26,6.4,0.368,140,0.181
2021,"Dylan Moore","SEA",126,332,60,35,11,2,12,42,43,40,0,111,4,1,0,6,21,5,377,0.106,0.294,0.36,0.181,0.276,0.334,0.61,0.154,6.6,0.229,0.4,-0.6,0.5,1.8,32,-13.5,0.271,74,0.224
2022,"Dylan Moore","SEA",104,205,46,27,11,2,6,41,24,34,2,75,13,1,1,5,21,8,255,0.133,0.294,0.45,0.224,0.368,0.385,0.753,0.161,8.3,0.32,2,-0.2,1.7,0.7,35,5.7,0.338,127,0.207
2023,"Dylan Moore","SEA",67,145,30,13,9,1,7,18,19,16,0,56,4,0,0,1,7,3,165,0.097,0.339,0.29,0.207,0.303,0.428,0.731,0.221,6,0.28,-0.2,0.9,0,-0.1,20,-0.2,0.317,107,0.201
2023,"Edouard Julien","MIN",109,338,89,56,16,1,16,60,37,64,0,128,2,3,1,8,3,0,408,0.157,0.314,0.5,0.263,0.381,0.459,0.839,0.195,3.9,0.371,0.6,0,-0.8,-0.3,66,16.1,0.366,134,0.199
2020,"Ehire Adrianza","MIN",44,89,17,10,7,0,0,10,3,11,0,23,1,0,0,3,1,0,101,0.109,0.228,0.48,0.191,0.287,0.27,0.557,0.079,3.8,0.258,0.6,-0.4,0.4,0.1,7,-5.4,0.257,60,0.247
2021,"Eli White","TEX",64,198,35,22,6,1,6,26,15,18,0,66,4,0,0,2,4,3,220,0.082,0.3,0.27,0.177,0.259,0.308,0.567,0.131,5.2,0.23,0.2,0.6,0.9,-0.6,16,-11.1,0.253,57,0.2
2021,"Elias Díaz","COL",106,338,83,46,18,1,18,52,44,30,1,60,2,1,0,15,0,0,371,0.081,0.162,0.5,0.246,0.31,0.464,0.774,0.219,2.3,0.249,-1.9,-2.2,-1.6,-0.3,50,4.7,0.33,91,0.228
2022,"Elias Díaz","COL",105,351,80,51,18,2,9,29,51,25,0,82,2,3,0,8,0,1,381,0.066,0.215,0.3,0.228,0.281,0.368,0.648,0.14,2.1,0.27,-2.6,-0.6,-2.1,-0.7,36,-7.7,0.284,68,0.267
2023,"Elias Díaz","COL",141,486,130,90,25,1,14,48,72,34,0,118,2,4,0,12,1,0,526,0.065,0.224,0.29,0.267,0.316,0.409,0.725,0.142,2.2,0.324,0.2,0.1,-1.1,-0.8,62,-1.8,0.314,82,0.27
2020,"Elvis Andrus","TEX",29,103,20,12,5,0,3,11,7,8,0,15,0,0,0,5,3,1,111,0.072,0.135,0.53,0.194,0.252,0.33,0.582,0.136,4.3,0.2,-0.1,-1.1,-0.1,0.1,8,-6.1,0.255,57,0.243
2021,"Elvis Andrus","OAK",146,497,121,91,25,2,3,60,37,31,2,81,6,4,3,14,12,2,541,0.057,0.15,0.38,0.243,0.294,0.32,0.614,0.076,5.3,0.283,4.9,-1.5,3.9,1.1,45,-20,0.27,73,0.271
2022,"Elvis Andrus","CHW",43,181,49,32,8,0,9,25,28,9,0,30,1,0,0,1,11,0,191,0.047,0.157,0.3,0.271,0.309,0.464,0.773,0.193,5.8,0.282,1.8,0.6,1.4,2,26,3.8,0.335,119,0.237
2022,"Elvis Andrus","OAK",106,354,84,52,24,0,8,41,30,30,0,62,2,0,0,10,7,4,386,0.078,0.161,0.48,0.237,0.301,0.373,0.673,0.136,3.5,0.268,3.3,-1.2,1.2,-0.5,40,-3.7,0.298,97,0.251
2023,"Enmanuel Valdez","BOS",49,139,37,23,8,0,6,17,19,8,0,37,1,0,0,4,5,1,149,0.054,0.248,0.22,0.266,0.311,0.453,0.764,0.187,4.4,0.323,0.2,-0.3,0.3,0.3,19,1.2,0.328,104,0.214
2021,"Eric Haase","DET",98,351,81,46,12,1,22,48,61,26,0,119,2,2,0,11,2,0,381,0.068,0.312,0.22,0.231,0.286,0.459,0.745,0.228,3.7,0.278,0,-0.8,-0.3,0.1,47,0.6,0.316,100,0.254
2022,"Eric Haase","DET",110,323,82,50,17,1,14,41,44,24,1,97,1,3,0,9,0,0,351,0.068,0.276,0.25,0.254,0.305,0.443,0.748,0.189,2.1,0.316,-0.5,-0.7,-0.3,-0.3,44,3.5,0.322,111,0.201
2020,"Eric Hosmer","SDP",38,143,41,26,6,0,9,23,36,9,0,28,2,2,0,3,4,0,156,0.058,0.179,0.32,0.287,0.333,0.517,0.851,0.231,4.8,0.296,-0.2,0,-0.6,0.7,25,5.1,0.359,128,0.269
2021,"Eric Hosmer","SDP",151,509,137,97,28,0,12,53,65,48,2,99,5,2,1,13,5,4,565,0.085,0.175,0.48,0.269,0.337,0.395,0.732,0.126,2.3,0.313,-2.9,-1.4,-2.6,-1.2,71,2.4,0.319,104,0.272
2022,"Eric Hosmer","SDP",90,335,91,67,16,0,8,32,40,33,5,55,0,1,0,10,0,0,369,0.089,0.149,0.6,0.272,0.336,0.391,0.727,0.119,0.8,0.304,-2.8,-1.4,-2.1,-0.4,44,2,0.317,107,0.234
2020,"Eric Sogard","MIL",43,115,24,18,5,0,1,10,10,11,0,20,1,1,0,1,0,0,128,0.086,0.156,0.55,0.209,0.281,0.278,0.56,0.07,1.2,0.242,-1.2,0.1,-0.9,-0.1,9,-7.1,0.254,55,0.249
2021,"Ernie Clement","CLE",40,121,28,21,4,0,3,16,9,7,0,19,2,0,3,3,0,1,133,0.053,0.143,0.37,0.231,0.285,0.339,0.623,0.107,2.6,0.253,1.3,-0.1,0.4,-0.5,12,-4.4,0.275,74,0.2
2022,"Ernie Clement","CLE",64,145,29,26,3,0,0,18,6,11,0,24,2,1,2,3,0,1,161,0.068,0.149,0.46,0.2,0.264,0.221,0.485,0.021,2.8,0.238,-0.9,0.3,0.1,-0.6,8,-10.8,0.225,43,0.263
2020,"Evan Longoria","SFG",53,193,49,31,10,1,7,26,28,11,0,39,2,3,0,10,0,1,209,0.053,0.187,0.28,0.254,0.297,0.425,0.722,0.171,3.2,0.28,0.3,-1.8,-0.6,-0.6,24,-2.1,0.308,93,0.261
2021,"Evan Longoria","SFG",81,253,66,36,17,0,13,45,46,35,4,68,1,2,0,9,1,1,291,0.12,0.234,0.51,0.261,0.351,0.482,0.833,0.221,2.5,0.305,0,-1.3,-0.6,-0.5,44,9,0.352,123,0.244
2022,"Evan Longoria","SFG",89,266,65,38,13,0,14,31,42,27,2,83,2,3,0,6,0,0,298,0.091,0.279,0.33,0.244,0.315,0.451,0.767,0.207,0.9,0.297,-1.4,-0.6,-1.8,-0.3,39,4.8,0.33,115,0.223
2023,"Ezequiel Tovar","COL",153,581,147,91,37,4,15,79,73,25,0,166,4,3,2,10,11,5,615,0.041,0.27,0.15,0.253,0.287,0.408,0.695,0.155,5.5,0.328,0,0.2,0,-0.8,65,-10.2,0.298,72,0.269
2020,"Fernando Tatis Jr.","SDP",59,224,62,32,11,2,17,50,45,27,1,61,5,1,0,6,11,3,257,0.105,0.237,0.44,0.277,0.366,0.571,0.937,0.295,7.3,0.306,1,-0.3,0.5,0.7,48,15.7,0.392,151,0.282
2021,"Fernando Tatis Jr.","SDP",130,478,135,62,31,0,42,99,97,62,6,153,2,4,0,5,25,4,546,0.114,0.28,0.41,0.282,0.364,0.611,0.975,0.328,5.3,0.324,5.1,1.3,2.8,2.9,106,39.9,0.403,158,0.257
2023,"Fernando Tatis Jr.","SDP",141,575,148,89,33,1,25,91,78,53,0,141,3,3,1,17,29,4,635,0.083,0.222,0.38,0.257,0.322,0.449,0.77,0.191,5.9,0.299,0.8,-0.7,0.1,3,84,7,0.332,111,0.276
2020,"Francisco Lindor","CLE",60,236,61,40,13,0,8,30,27,24,2,41,4,2,0,8,6,2,266,0.09,0.154,0.59,0.258,0.335,0.415,0.75,0.157,3.7,0.28,-1.6,-1,-2.1,0.1,34,0.9,0.324,105,0.23
2021,"Francisco Lindor","NYM",125,452,104,65,16,3,20,73,63,58,4,96,5,3,6,7,10,4,524,0.111,0.183,0.6,0.23,0.322,0.412,0.734,0.181,5.3,0.248,1,1.1,-0.5,-0.1,64,1,0.317,101,0.27
2022,"Francisco Lindor","NYM",161,630,170,114,25,5,26,98,107,59,2,133,10,7,0,11,16,6,706,0.084,0.188,0.44,0.27,0.339,0.449,0.788,0.179,5.6,0.301,1.9,1.3,1.1,0.1,99,18,0.342,124,0.254
2023,"Francisco Lindor","NYM",160,602,153,87,33,2,31,108,98,66,1,137,12,7,0,8,31,4,687,0.096,0.199,0.48,0.254,0.336,0.47,0.806,0.216,6.4,0.277,2.7,1.8,0.5,3.2,99,15.5,0.346,120,0.273
2021,"Francisco Mejía","TBR",84,250,65,41,15,3,6,31,35,17,0,49,7,2,1,4,0,0,277,0.061,0.177,0.35,0.26,0.322,0.416,0.738,0.156,3.3,0.299,-0.3,0,0.1,-0.2,35,1.2,0.32,107,0.242
2022,"Francisco Mejía","TBR",93,289,70,42,22,0,6,32,31,7,0,65,2,1,0,6,0,0,299,0.023,0.217,0.11,0.242,0.264,0.381,0.645,0.138,1.8,0.292,-2.2,0,-0.5,-0.2,27,-7.2,0.279,84,0.227
2021,"Frank Schwindel","CHC",56,222,76,43,19,1,13,42,40,16,2,36,1,0,0,4,2,1,239,0.067,0.151,0.44,0.342,0.389,0.613,1.002,0.27,4,0.364,-1.2,0.5,-0.7,-0.2,50,20.8,0.42,165,0.229
2020,"Franmil Reyes","CLE",59,211,58,39,10,0,9,27,34,24,0,69,1,5,0,6,0,0,241,0.1,0.286,0.35,0.275,0.344,0.45,0.795,0.175,1.1,0.355,-1.2,-0.5,-0.4,-0.2,34,4.3,0.341,116,0.254
2021,"Franmil Reyes","CLE",115,418,106,56,18,2,30,57,85,43,3,149,2,3,0,13,4,1,466,0.092,0.32,0.29,0.254,0.324,0.522,0.846,0.268,3.9,0.314,-4.3,-1.5,-2.1,0,72,15.4,0.354,128,0.234
2022,"Franmil Reyes","CHC",48,175,41,26,8,2,5,19,19,16,0,53,1,1,0,4,0,1,193,0.083,0.275,0.3,0.234,0.301,0.389,0.689,0.154,3.6,0.305,-1.7,0.1,-1.1,-0.6,21,-1.1,0.302,97,0.213
2020,"Freddie Freeman","ATL",60,214,73,36,23,1,13,51,53,45,7,37,3,0,0,6,2,0,262,0.172,0.141,1.22,0.341,0.462,0.64,1.102,0.299,4.5,0.366,-0.6,0.1,-2.2,0.2,63,30.1,0.456,186,0.3
2021,"Freddie Freeman","ATL",159,600,180,122,25,2,31,120,83,85,15,107,8,2,0,11,8,3,695,0.122,0.154,0.79,0.3,0.393,0.503,0.896,0.203,4.3,0.321,2.7,0.9,1.7,-0.3,121,37.2,0.379,136,0.325
2022,"Freddie Freeman","LAD",159,612,199,129,47,2,21,117,100,84,12,102,5,7,0,6,13,3,708,0.119,0.144,0.82,0.325,0.407,0.511,0.918,0.186,4.8,0.359,2,2.8,1.1,0.6,128,46.6,0.393,157,0.331
2023,"Freddie Freeman","LAD",161,637,211,121,59,2,29,131,102,72,12,121,16,5,0,14,23,1,730,0.099,0.166,0.6,0.331,0.41,0.567,0.976,0.235,6,0.37,1.4,1,1.9,2.7,145,55.9,0.411,161,0.282
2023,"Freddy Fermin","KCR",70,217,61,41,10,1,9,26,32,13,0,50,1,3,1,11,0,0,235,0.055,0.213,0.26,0.281,0.321,0.461,0.781,0.18,2.2,0.323,-0.4,-1.4,0.2,-0.4,32,2.9,0.333,109,0.271
2020,"Freddy Galvis","CIN",47,141,31,19,5,0,7,18,16,13,0,30,5,0,0,5,1,1,159,0.082,0.189,0.43,0.22,0.308,0.404,0.712,0.184,2.5,0.231,-0.2,-1,-1.6,-0.4,19,-1.1,0.312,86,0.249
2021,"Freddy Galvis","BAL",72,249,62,40,12,1,9,36,26,18,1,58,3,1,2,5,1,0,274,0.066,0.212,0.31,0.249,0.306,0.414,0.72,0.165,3.8,0.29,0.7,0.1,0.6,0,32,-1.1,0.31,94,0.224
2023,"Gabriel Arias","CLE",122,315,66,41,15,0,10,36,26,28,0,113,1,1,0,9,3,4,345,0.081,0.328,0.25,0.21,0.275,0.352,0.628,0.143,2.6,0.29,0.3,-0.4,2.1,-1.6,30,-12.2,0.276,73,0.222
2023,"Gabriel Moreno","ARI",111,341,97,70,19,1,7,33,50,29,0,75,3,7,0,17,6,2,380,0.076,0.197,0.39,0.284,0.339,0.408,0.747,0.123,3.4,0.338,-4.1,-3.2,-2.2,-0.4,48,2,0.325,102,0.266
2020,"Garrett Cooper","MIA",34,120,34,20,8,0,6,20,20,11,0,31,2,0,0,5,0,0,133,0.083,0.233,0.35,0.283,0.353,0.5,0.853,0.217,1.8,0.337,-0.9,-0.6,-0.4,-0.1,22,5.1,0.365,131,0.284
2021,"Garrett Cooper","MIA",71,215,61,41,10,1,9,30,33,30,0,68,4,1,0,6,1,1,250,0.12,0.272,0.44,0.284,0.38,0.465,0.845,0.181,2.9,0.374,-3.2,-0.3,-1.8,-0.5,41,10.9,0.367,129,0.261
2022,"Garrett Cooper","MIA",119,414,108,64,33,2,9,37,50,40,0,119,10,5,0,6,0,0,469,0.085,0.254,0.34,0.261,0.337,0.415,0.752,0.155,1.8,0.34,-1.6,-0.1,-1.1,-0.5,61,7.6,0.33,110,0.256
2023,"Garrett Cooper","MIA",82,305,78,53,11,1,13,28,46,17,0,97,1,1,0,9,0,0,324,0.052,0.299,0.18,0.256,0.296,0.426,0.723,0.17,1.4,0.332,-1.4,-0.7,-1.2,-0.5,37,-2.1,0.311,92,0.239
2020,"Garrett Hampson","COL",53,167,39,27,4,3,5,25,11,13,0,60,0,1,3,1,6,1,184,0.071,0.326,0.22,0.234,0.287,0.383,0.671,0.15,7.8,0.33,1,0.3,0.9,0.6,18,-4.7,0.29,64,0.234
2021,"Garrett Hampson","COL",147,453,106,68,21,6,11,69,33,33,2,118,3,2,3,6,17,7,494,0.067,0.239,0.28,0.234,0.289,0.38,0.669,0.146,7.2,0.291,3,1.1,3.5,0.1,49,-10.7,0.288,64,0.211
2022,"Garrett Hampson","COL",90,199,42,30,7,3,2,29,15,21,0,63,1,2,3,3,12,2,226,0.093,0.279,0.33,0.211,0.287,0.307,0.594,0.095,8.5,0.294,-0.4,0.6,1.4,1.4,18,-7.7,0.267,56,0.276
2023,"Garrett Hampson","MIA",98,221,61,45,12,1,3,30,23,23,0,67,3,2,3,3,5,0,252,0.091,0.266,0.34,0.276,0.349,0.38,0.729,0.104,5.4,0.379,0.4,0.9,1,0.5,32,0.9,0.323,100,0.23
2022,"Garrett Stubbs","PHI",50,106,28,18,4,1,5,19,16,14,0,30,0,0,1,2,2,0,121,0.116,0.248,0.47,0.264,0.35,0.462,0.812,0.198,6.2,0.324,0.9,0.3,0.3,0.3,18,4.3,0.355,129,0.204
2023,"Garrett Stubbs","PHI",41,113,23,17,4,1,1,15,12,9,0,29,2,0,1,0,2,0,125,0.072,0.232,0.31,0.204,0.274,0.283,0.557,0.08,6.5,0.265,0,0.7,0.8,0.2,8,-6.9,0.252,53,0.207
2021,"Gavin Lux","LAD",102,335,81,58,12,4,7,49,46,41,3,83,3,2,0,3,4,1,381,0.108,0.218,0.49,0.242,0.328,0.364,0.692,0.122,5.6,0.3,2.3,1.5,2,0,43,-3.5,0.303,90,0.276
2022,"Gavin Lux","LAD",129,421,116,83,20,7,6,66,42,47,0,95,0,3,0,3,7,2,471,0.1,0.202,0.49,0.276,0.346,0.399,0.745,0.124,6.2,0.341,1.5,1.6,0.9,0.1,61,6.9,0.328,113,0.251
2021,"Gavin Sheets","CHW",54,160,40,21,8,0,11,23,34,16,0,40,2,1,0,4,0,0,179,0.089,0.223,0.4,0.25,0.324,0.506,0.83,0.256,1.2,0.264,-1.9,0.1,-1,-0.1,27,5.5,0.352,123,0.241
2022,"Gavin Sheets","CHW",124,377,91,57,19,0,15,34,53,27,0,86,3,3,0,9,0,0,410,0.066,0.21,0.31,0.241,0.295,0.411,0.706,0.17,0.7,0.272,-1.5,-0.7,-0.9,-0.4,46,-0.6,0.308,99,0.203
2023,"Gavin Sheets","CHW",118,311,63,43,10,0,10,24,43,28,2,66,1,4,0,6,1,0,344,0.081,0.192,0.42,0.203,0.267,0.331,0.599,0.129,1.6,0.222,-0.2,0.2,-0.7,-0.3,26,-16.4,0.261,62,0.233
2020,"George Springer","HOU",51,189,50,28,6,2,14,37,32,24,0,38,5,2,0,3,1,2,222,0.108,0.171,0.63,0.265,0.359,0.54,0.899,0.275,4.4,0.259,1.9,0.3,1.2,-0.9,39,11.1,0.379,143,0.264
2021,"George Springer","TOR",78,299,79,37,19,1,22,59,50,37,1,79,4,1,0,6,4,1,342,0.108,0.231,0.47,0.264,0.352,0.555,0.907,0.291,4.7,0.286,-1.4,0.1,0.4,0.1,60,18.9,0.381,140,0.267
2022,"George Springer","TOR",133,513,137,86,22,4,25,89,76,54,1,100,7,5,0,7,14,2,583,0.093,0.172,0.54,0.267,0.342,0.472,0.814,0.205,6,0.285,2.1,1.1,3.2,1.4,86,19.6,0.352,133,0.258
2023,"George Springer","TOR",154,613,158,111,25,1,21,87,72,60,1,125,5,3,0,20,20,5,683,0.088,0.183,0.48,0.258,0.327,0.405,0.732,0.147,4.6,0.291,-0.4,-1.8,-0.9,0.5,84,0.8,0.32,103,0.22
2022,"Geraldo Perdomo","ARI",148,431,84,67,10,2,5,58,40,50,0,103,5,2,12,3,9,2,500,0.1,0.206,0.49,0.195,0.285,0.262,0.547,0.067,5.5,0.243,2.9,2,1.7,0.5,35,-22.6,0.253,59,0.246
2023,"Geraldo Perdomo","ARI",144,407,100,70,20,4,6,71,47,64,1,86,6,4,14,2,16,4,495,0.129,0.174,0.74,0.246,0.353,0.359,0.712,0.113,6.4,0.295,2.4,2.2,1.4,0.4,61,0.3,0.319,98,0.273
2021,"Giancarlo Stanton","NYY",139,510,139,85,19,0,35,64,97,63,1,157,3,3,0,22,0,0,579,0.109,0.271,0.4,0.273,0.354,0.516,0.87,0.243,0.6,0.324,-3.6,-2.9,-2.6,-0.5,96,26.4,0.37,138,0.211
2022,"Giancarlo Stanton","NYY",110,398,84,46,7,0,31,53,78,50,2,137,0,3,0,8,0,0,452,0.111,0.303,0.36,0.211,0.297,0.462,0.759,0.251,0.9,0.227,-2.3,0.1,-1.3,-0.4,58,6.2,0.327,113,0.191
2023,"Giancarlo Stanton","NYY",101,371,71,34,13,0,24,43,60,41,3,124,2,1,0,11,0,0,415,0.099,0.299,0.33,0.191,0.275,0.42,0.695,0.229,0.9,0.21,-4.1,-0.5,-2.2,-0.6,43,-7.5,0.297,88,0.233
2020,"Gleyber Torres","NYY",42,136,33,22,8,0,3,17,16,22,0,28,2,0,0,5,1,0,160,0.138,0.175,0.79,0.243,0.356,0.368,0.724,0.125,2.7,0.286,0.4,-0.8,-0.7,0.1,21,0.8,0.326,107,0.259
2021,"Gleyber Torres","NYY",127,459,119,88,22,0,9,50,51,50,1,104,1,4,2,12,14,6,516,0.097,0.202,0.48,0.259,0.331,0.366,0.697,0.107,3.5,0.314,1.1,-0.7,0.7,-0.2,59,-3.3,0.307,96,0.257
2022,"Gleyber Torres","NYY",140,526,135,82,28,1,24,73,76,39,2,129,3,3,1,12,10,5,572,0.068,0.226,0.3,0.257,0.31,0.451,0.761,0.194,4.1,0.295,0,0.3,-1.7,-0.5,74,8.4,0.328,114,0.273
2023,"Gleyber Torres","NYY",158,596,163,108,28,2,25,90,68,67,0,98,3,6,0,19,13,6,672,0.1,0.146,0.68,0.273,0.347,0.453,0.8,0.18,4.3,0.288,-2,-1.5,0,-1.3,97,15.1,0.346,122,0.257
2020,"Gregory Polanco","PIT",50,157,24,11,6,0,7,12,22,13,0,65,0,3,0,1,3,1,174,0.075,0.374,0.2,0.153,0.214,0.325,0.539,0.172,3.1,0.193,0.2,0.6,0.1,0.1,9,-12.9,0.232,40,0.208
2021,"Ha-Seong Kim","SDP",117,267,54,32,12,2,8,27,34,22,1,71,4,3,2,6,6,1,298,0.074,0.238,0.31,0.202,0.27,0.352,0.622,0.15,5.5,0.241,0.3,0.5,-0.1,0.6,25,-11,0.27,71,0.251
2022,"Ha-Seong Kim","SDP",150,517,130,87,29,3,11,58,59,51,0,100,7,4,3,9,12,2,582,0.088,0.172,0.51,0.251,0.325,0.383,0.708,0.132,4.8,0.29,0.2,0.7,0.6,1,68,1.5,0.313,105,0.26
2023,"Ha-Seong Kim","SDP",152,538,140,100,23,0,17,84,60,75,1,124,3,5,5,7,38,9,626,0.12,0.198,0.6,0.26,0.351,0.398,0.749,0.138,5.1,0.306,2,0.7,1.7,2.4,82,6,0.33,110,0.233
2020,"Hanser Alberto","BAL",54,219,62,44,15,0,3,35,22,5,0,30,3,2,2,6,3,0,231,0.022,0.13,0.17,0.283,0.306,0.393,0.698,0.11,5,0.314,3.1,-0.4,2.3,0.4,25,-3.6,0.301,87,0.27
2021,"Hanser Alberto","KCR",103,241,65,40,20,3,2,25,24,4,0,26,4,2,4,1,3,1,255,0.016,0.102,0.15,0.27,0.291,0.402,0.693,0.133,5.4,0.293,0.6,0.8,0.8,0,27,-3.8,0.296,83,0.244
2021,"Harold Castro","DET",106,315,89,72,13,1,3,35,37,14,0,72,1,5,4,7,1,1,339,0.041,0.212,0.19,0.283,0.31,0.359,0.669,0.076,2.9,0.351,0,0,-1,-0.5,34,-6.6,0.291,83,0.271
2022,"Harold Castro","DET",120,420,114,84,21,2,7,37,47,17,1,79,1,2,3,5,0,1,443,0.038,0.178,0.22,0.271,0.3,0.381,0.681,0.11,2.2,0.318,-1,0.2,-0.5,-0.8,46,-4.6,0.297,93,0.252
2021,"Harold Ramírez","CLE",99,339,91,62,21,1,7,33,41,14,1,56,5,3,0,10,3,1,361,0.039,0.155,0.25,0.268,0.305,0.398,0.703,0.13,3.3,0.301,2.4,-1.1,1,-0.1,40,-3.7,0.302,93,0.3
2022,"Harold Ramírez","TBR",120,403,121,91,24,0,6,46,58,19,1,72,9,4,0,5,3,5,435,0.044,0.166,0.26,0.3,0.343,0.404,0.747,0.104,2.2,0.35,-1.5,1.1,0.2,-1.9,56,6,0.327,118,0.313
2023,"Harold Ramírez","TBR",122,400,125,92,19,2,12,58,68,22,0,79,6,6,0,7,5,3,434,0.051,0.182,0.28,0.313,0.353,0.46,0.813,0.148,4.2,0.359,2.1,0.6,-0.7,-1.2,64,11.2,0.349,127,0.268
2020,"Harrison Bader","STL",50,106,24,11,7,2,4,21,11,13,0,40,5,1,0,2,3,1,125,0.104,0.32,0.33,0.226,0.336,0.443,0.779,0.217,7.8,0.317,0.9,-0.2,0.3,0.1,18,1.8,0.337,114,0.267
2021,"Harrison Bader","STL",103,367,98,60,21,1,16,45,50,27,6,85,5,2,0,4,9,4,401,0.067,0.212,0.32,0.267,0.324,0.46,0.785,0.193,4,0.306,1.2,1.5,0.9,-0.2,54,5.4,0.331,108,0.256
2022,"Harrison Bader","STL",72,246,63,48,7,3,5,35,21,13,0,47,4,1,0,4,15,2,264,0.049,0.178,0.28,0.256,0.303,0.37,0.673,0.114,7.7,0.297,2.6,0.1,2.5,1.9,27,-2.8,0.296,91,0.24
2023,"Harrison Bader","NYY",84,288,69,49,11,2,7,40,37,14,0,56,3,4,1,6,17,2,310,0.045,0.181,0.25,0.24,0.278,0.365,0.643,0.125,7.4,0.271,2.8,0.2,1.4,2,27,-10.3,0.278,75,0.236
2022,"Ildemaro Vargas","WSN",53,186,52,36,13,0,3,15,19,5,0,21,3,1,1,5,3,1,196,0.026,0.107,0.24,0.28,0.308,0.398,0.706,0.118,3,0.301,0.5,-0.4,0.8,0,22,-0.3,0.308,98,0.252
2023,"Ildemaro Vargas","WSN",86,262,66,47,13,2,4,32,31,19,0,20,1,1,3,10,1,1,286,0.066,0.07,0.95,0.252,0.304,0.363,0.666,0.111,3.7,0.259,-0.8,-1.2,1.1,-0.7,29,-6.2,0.292,81,0.246
2020,"J.D. Davis","NYM",56,190,47,32,9,0,6,26,19,31,1,56,7,1,0,8,0,0,229,0.135,0.245,0.55,0.247,0.371,0.389,0.761,0.142,1.3,0.318,-2,-0.5,-0.1,-0.2,32,3.7,0.339,118,0.285
2021,"J.D. Davis","NYM",73,179,51,34,12,0,5,18,23,24,1,68,6,2,0,4,1,0,211,0.114,0.322,0.35,0.285,0.384,0.436,0.82,0.151,2,0.426,0,0.4,-0.5,0,33,7.5,0.357,128,0.263
2022,"J.D. Davis","SFG",49,137,36,20,8,0,8,20,14,19,1,56,2,0,0,4,0,0,158,0.12,0.354,0.34,0.263,0.361,0.496,0.857,0.234,1.1,0.384,0.3,-0.6,0,-0.2,26,7.6,0.371,143,0.238
2022,"J.D. Davis","NYM",66,181,43,30,8,1,4,26,21,20,0,66,4,2,0,9,1,1,207,0.097,0.319,0.3,0.238,0.324,0.359,0.683,0.122,4,0.345,-0.8,-1.4,0,-0.4,23,-0.8,0.305,99,0.248
2023,"J.D. Davis","SFG",144,480,119,77,23,1,18,61,69,52,0,152,6,6,0,16,1,0,546,0.095,0.278,0.34,0.248,0.325,0.413,0.738,0.165,2.5,0.32,-0.3,-1.2,-1.5,-0.8,68,1.3,0.321,103,0.236
2020,"J.D. Martinez","BOS",54,211,45,22,16,0,7,22,27,22,3,59,2,2,0,6,1,0,237,0.093,0.249,0.37,0.213,0.291,0.389,0.68,0.175,2.4,0.259,-1.2,0.1,-0.3,0.1,24,-6,0.29,76,0.286
2021,"J.D. Martinez","BOS",148,570,163,90,42,3,28,92,99,55,6,150,3,5,0,18,0,0,634,0.087,0.237,0.37,0.286,0.349,0.518,0.867,0.232,2.6,0.34,-1.5,-1.1,-1.3,-0.5,103,26,0.364,126,0.274
2022,"J.D. Martinez","BOS",139,533,146,86,43,1,16,76,62,52,1,145,5,5,0,20,0,0,596,0.087,0.243,0.36,0.274,0.341,0.448,0.79,0.174,2.1,0.345,-4.2,-2.5,-2.3,-0.6,84,15.7,0.343,119,0.271
2023,"J.D. Martinez","LAD",113,432,117,55,27,2,33,61,103,34,1,149,2,9,0,11,1,0,479,0.071,0.311,0.23,0.271,0.321,0.572,0.893,0.301,3.1,0.324,-2.9,-0.2,-0.4,-0.5,79,20.3,0.369,133,0.235
2020,"J.P. Crawford","SEA",53,204,52,41,7,2,2,33,24,23,0,39,3,2,0,4,6,3,232,0.099,0.168,0.59,0.255,0.336,0.338,0.674,0.083,5.9,0.303,0.5,-0.4,1.2,-0.3,26,-3.4,0.303,95,0.273
2021,"J.P. Crawford","SEA",160,619,169,123,37,0,9,89,54,58,1,114,5,4,1,10,3,6,687,0.084,0.166,0.51,0.273,0.338,0.376,0.715,0.103,2.5,0.32,-0.1,-0.1,-0.5,-2.5,83,-0.2,0.314,103,0.243
2022,"J.P. Crawford","SEA",145,518,126,93,24,3,6,57,42,68,0,80,10,5,2,11,3,2,603,0.113,0.133,0.85,0.243,0.339,0.336,0.675,0.093,3.2,0.275,0.8,-0.9,1.7,-0.9,67,-1.9,0.306,105,0.266
2023,"J.P. Crawford","SEA",145,534,142,88,35,0,19,94,65,94,1,125,5,2,3,7,2,0,638,0.147,0.196,0.75,0.266,0.38,0.438,0.818,0.172,2.7,0.314,1.9,0.7,1,-1,99,21.5,0.359,136,0.202
2020,"J.T. Realmuto","PHI",47,173,46,29,6,0,11,33,32,16,0,48,6,0,0,3,4,1,195,0.082,0.246,0.33,0.266,0.349,0.491,0.84,0.225,4.7,0.307,1.4,0.4,1.7,0.2,31,6.7,0.361,124,0.263
2021,"J.T. Realmuto","PHI",134,476,125,79,25,4,17,64,73,48,5,129,11,2,0,8,13,3,537,0.089,0.24,0.37,0.263,0.343,0.439,0.782,0.176,5.5,0.325,3.6,1,2.1,0.9,74,9.4,0.336,109,0.276
2022,"J.T. Realmuto","PHI",139,504,139,86,26,5,22,75,84,41,1,119,12,5,0,7,21,1,562,0.073,0.212,0.34,0.276,0.342,0.478,0.82,0.202,6.9,0.318,3.1,0.3,0.2,3.2,84,19.8,0.354,129,0.252
2023,"J.T. Realmuto","PHI",135,489,123,70,28,5,20,70,63,35,3,138,9,5,0,10,16,5,540,0.065,0.256,0.25,0.252,0.31,0.452,0.762,0.2,6.4,0.307,-2.7,1,-0.6,0.2,68,2.5,0.324,101,0.266
2022,"JJ Bleday","MIA",65,204,34,17,10,2,5,21,16,30,0,67,2,2,0,5,4,1,238,0.126,0.282,0.45,0.167,0.277,0.309,0.586,0.142,5.3,0.216,0.5,0.1,0.2,0.2,19,-8.3,0.266,66,0.195
2023,"JJ Bleday","OAK",82,256,50,29,11,0,10,35,27,42,0,72,2,3,0,3,5,1,303,0.139,0.238,0.58,0.195,0.31,0.355,0.666,0.16,3.7,0.226,0.5,0.5,0.5,0,32,-5.4,0.297,91,0.243
2020,"JaCoby Jones","DET",30,97,26,12,9,0,5,19,14,7,0,34,3,1,0,1,1,1,108,0.065,0.315,0.21,0.268,0.333,0.515,0.849,0.247,4,0.356,0.2,0.2,0.5,-0.3,17,3.5,0.358,130,0.17
2021,"Jace Peterson","MIL",94,259,64,46,11,1,6,36,31,38,0,68,3,2,0,1,10,1,302,0.126,0.225,0.56,0.247,0.348,0.367,0.714,0.12,5.3,0.31,1.8,1.2,0.8,1.3,38,1,0.318,98,0.236
2022,"Jace Peterson","MIL",113,288,68,44,14,2,8,44,34,33,2,85,2,3,2,8,12,1,328,0.101,0.259,0.39,0.236,0.316,0.382,0.698,0.146,6.6,0.303,3.7,-0.2,2.4,1.7,37,-1,0.306,96,0.221
2023,"Jace Peterson","OAK",93,281,62,47,7,2,6,30,28,36,1,77,3,3,1,6,11,1,324,0.111,0.238,0.47,0.221,0.313,0.324,0.637,0.103,5.6,0.279,0.9,-0.3,1.1,1.1,31,-8.9,0.285,82,0.183
2022,"Jack Suwinski","PIT",106,326,66,36,11,0,19,45,38,41,1,114,4,1,0,5,4,2,372,0.11,0.306,0.36,0.202,0.298,0.411,0.709,0.209,3.1,0.242,0.3,0.6,0.1,-0.3,43,0.5,0.311,97,0.224
2023,"Jack Suwinski","PIT",144,447,100,51,21,2,26,63,74,75,2,172,6,6,0,2,13,2,534,0.14,0.322,0.44,0.224,0.339,0.454,0.793,0.23,5.1,0.29,2.1,2.1,1.3,0.8,75,10.1,0.341,112,0.182
2020,"Jackie Bradley Jr.","BOS",55,191,54,36,11,0,7,32,22,23,1,48,2,1,0,2,5,2,217,0.106,0.221,0.48,0.283,0.364,0.45,0.814,0.168,4,0.343,0.7,0.7,0.1,-0.1,33,5.9,0.352,118,0.163
2021,"Jackie Bradley Jr.","MIL",134,387,63,40,14,3,6,39,29,28,0,132,10,3,0,8,7,1,428,0.065,0.308,0.21,0.163,0.236,0.261,0.497,0.098,6,0.226,1.3,0.1,1.2,0.7,20,-32,0.224,36,0.21
2022,"Jackie Bradley Jr.","BOS",92,271,57,34,19,1,3,21,29,17,0,58,0,0,2,3,2,3,290,0.059,0.2,0.29,0.21,0.257,0.321,0.578,0.111,2.9,0.257,0,0.5,0.2,-1,21,-12.5,0.255,57,0.133
2023,"Jacob Young","WSN",33,107,27,19,7,1,0,9,12,10,0,22,1,0,3,2,13,0,121,0.083,0.182,0.45,0.252,0.322,0.336,0.658,0.084,7.3,0.318,1.2,0.2,1.4,2.4,12,-2.4,0.294,83,0.256
2020,"Jake Cronenworth","SDP",54,172,49,27,15,3,4,26,20,18,0,30,1,1,0,4,3,1,192,0.094,0.156,0.6,0.285,0.354,0.477,0.831,0.192,6,0.324,-0.4,-0.6,1.4,0,30,5.8,0.356,126,0.266
2021,"Jake Cronenworth","SDP",152,567,151,90,33,7,21,94,71,55,6,90,10,3,3,8,4,3,643,0.086,0.14,0.61,0.266,0.34,0.46,0.8,0.194,4.9,0.283,1.5,1.6,0.9,-1,92,14,0.341,117,0.239
2022,"Jake Cronenworth","SDP",158,587,140,89,30,4,17,88,88,70,3,131,16,8,0,2,3,0,684,0.102,0.192,0.53,0.239,0.332,0.39,0.722,0.152,4.3,0.275,3.3,3.6,1.8,-0.1,83,4.6,0.318,109,0.229
2023,"Jake Cronenworth","SDP",127,458,105,64,24,7,10,54,48,46,2,97,11,5,1,8,6,1,522,0.088,0.186,0.47,0.229,0.312,0.378,0.689,0.148,5.8,0.267,2.5,0.8,2.5,-0.1,56,-7.5,0.301,91,0.241
2021,"Jake Fraley","SEA",78,214,45,29,7,0,9,27,36,46,1,71,2,2,1,3,10,2,265,0.174,0.268,0.65,0.21,0.352,0.369,0.721,0.159,3.9,0.265,0,0,0.8,0.9,34,1.8,0.322,109,0.259
2022,"Jake Fraley","CIN",68,216,56,35,9,0,12,33,28,26,1,54,3,2,0,1,4,1,247,0.105,0.219,0.48,0.259,0.344,0.468,0.812,0.208,3.6,0.289,0.9,0.6,-1.3,0.1,36,8.2,0.352,121,0.256
2023,"Jake Fraley","CIN",111,336,86,53,18,0,15,41,65,37,2,71,6,1,0,5,21,5,380,0.097,0.187,0.52,0.256,0.339,0.443,0.783,0.188,4.6,0.283,-0.2,0.7,-0.1,1.4,53,6.3,0.338,107,0.277
2022,"Jake McCarthy","ARI",99,321,91,64,16,3,8,53,43,23,0,76,6,1,3,3,23,3,354,0.065,0.215,0.3,0.283,0.342,0.427,0.769,0.143,7.6,0.349,3.6,1.1,3.7,3,48,7.7,0.337,116,0.243
2023,"Jake McCarthy","ARI",99,276,67,53,7,5,2,37,16,26,0,62,5,1,4,4,26,4,312,0.083,0.199,0.42,0.243,0.318,0.326,0.644,0.083,8.6,0.305,0.9,0.3,1.5,2.9,30,-7.6,0.289,78,0.285
2021,"Jake Rogers","DET",38,113,27,13,5,3,6,17,17,11,0,46,0,0,3,0,1,0,127,0.087,0.362,0.24,0.239,0.306,0.496,0.802,0.257,6,0.344,0.3,0.6,0.8,0.1,18,2.5,0.339,115,0.221
2023,"Jake Rogers","DET",107,331,73,41,11,0,21,47,49,28,0,118,3,2,1,6,1,1,365,0.077,0.323,0.24,0.221,0.286,0.444,0.73,0.224,2.3,0.268,0.8,0.2,0.5,-0.8,43,-1.9,0.312,97,0.197
2023,"James Outman","LAD",151,483,120,78,16,3,23,86,70,68,1,181,12,4,0,4,16,3,567,0.12,0.319,0.38,0.248,0.353,0.437,0.79,0.188,6.2,0.343,3.2,1.8,2.7,0.7,81,12.2,0.344,117,0.147
2023,"Jared Triolo","PIT",54,181,54,42,9,0,3,30,21,24,0,63,3,1,0,0,6,1,209,0.115,0.301,0.38,0.298,0.388,0.398,0.785,0.099,4.5,0.44,0.4,1.2,0.1,0.2,31,5.5,0.35,118,0.216
2020,"Jared Walsh","LAA",32,99,29,14,4,2,9,19,26,5,0,15,1,3,0,0,0,0,108,0.046,0.139,0.33,0.293,0.324,0.646,0.971,0.354,4.5,0.256,-0.3,0.7,0,-0.1,20,6.7,0.393,150,0.277
2021,"Jared Walsh","LAA",144,530,147,83,34,1,29,70,98,48,6,152,4,3,0,7,2,1,585,0.082,0.26,0.32,0.277,0.34,0.509,0.85,0.232,2.5,0.335,-1.9,1.3,-1.1,-0.5,92,20.7,0.357,126,0.215
2022,"Jared Walsh","LAA",118,423,91,56,18,2,15,41,44,27,4,138,4,0,0,6,2,1,454,0.059,0.304,0.2,0.215,0.269,0.374,0.642,0.158,3.2,0.281,-0.8,0.4,-1.7,-0.3,41,-11.4,0.278,77,0.125
2021,"Jarred Kelenic","SEA",93,337,61,33,13,1,14,41,43,36,0,106,3,1,0,5,6,4,377,0.095,0.281,0.34,0.181,0.265,0.35,0.615,0.169,4.3,0.216,1.6,0.4,0.8,-0.7,32,-13.8,0.27,73,0.141
2022,"Jarred Kelenic","SEA",54,163,23,10,5,1,7,20,17,16,0,61,1,1,0,3,5,2,181,0.088,0.337,0.26,0.141,0.221,0.313,0.534,0.172,6.5,0.167,-0.4,-0.2,0.3,0.1,10,-10.4,0.238,57,0.253
2023,"Jarred Kelenic","SEA",105,372,94,56,25,2,11,44,49,41,4,132,1,2,0,6,13,5,416,0.099,0.317,0.31,0.253,0.327,0.419,0.746,0.167,5.1,0.359,0.7,-0.1,1.1,-0.2,52,0.8,0.321,110,0.231
2021,"Jarren Duran","BOS",33,107,23,16,3,2,2,17,10,4,0,40,0,1,0,1,2,1,112,0.036,0.357,0.1,0.215,0.241,0.336,0.578,0.121,7.4,0.318,0.1,0.6,0.6,-0.1,7,-6.2,0.247,48,0.221
2022,"Jarren Duran","BOS",58,204,45,25,14,3,3,23,17,14,0,63,4,1,0,1,7,1,223,0.063,0.283,0.22,0.221,0.283,0.363,0.645,0.142,7.3,0.302,-0.8,0.5,1.4,0.8,21,-4.6,0.284,77,0.295
2023,"Jarren Duran","BOS",102,332,98,54,34,2,8,46,40,24,1,90,3,2,0,3,24,2,362,0.066,0.249,0.27,0.295,0.346,0.482,0.828,0.187,7,0.381,1.3,1.3,3.9,3.3,55,10.6,0.354,122,0.285
2020,"Javier Báez","CHC",59,222,45,27,9,1,8,27,24,7,0,75,4,2,0,8,3,0,235,0.03,0.319,0.09,0.203,0.238,0.36,0.599,0.158,5.8,0.262,0,-0.9,0.7,0.5,17,-12.6,0.256,57,0.299
2021,"Javier Báez","NYM",47,167,50,32,9,0,9,32,22,13,1,53,6,0,0,5,5,2,186,0.07,0.285,0.25,0.299,0.371,0.515,0.886,0.216,4.7,0.39,0.3,-0.1,2,0,32,9.8,0.378,141,0.248
2021,"Javier Báez","CHC",91,335,83,50,9,2,22,48,65,15,1,131,7,3,0,7,13,3,361,0.042,0.363,0.11,0.248,0.292,0.484,0.775,0.236,6.4,0.33,1.2,0.5,1.4,1.1,47,3.5,0.326,104,0.238
2022,"Javier Báez","DET",144,555,132,84,27,4,17,64,67,26,1,147,6,3,0,13,9,2,590,0.044,0.249,0.18,0.238,0.278,0.393,0.671,0.155,5.2,0.292,1.7,0.3,1.6,0.5,59,-8.7,0.291,89,0.222
2023,"Javier Báez","DET",136,510,113,82,18,4,9,58,59,24,0,125,9,3,0,12,12,0,547,0.044,0.229,0.19,0.222,0.267,0.325,0.593,0.104,6.5,0.274,0.3,0.5,0.8,1.5,40,-26.2,0.261,61,0.184
2020,"Jean Segura","PHI",54,192,51,37,5,2,7,28,25,23,2,45,1,0,1,6,2,2,217,0.106,0.207,0.51,0.266,0.347,0.422,0.769,0.156,4.4,0.314,0.2,-0.6,1.5,-0.7,30,2.4,0.333,106,0.29
2021,"Jean Segura","PHI",131,514,149,105,27,3,14,76,58,39,3,78,9,4,1,16,9,3,567,0.069,0.138,0.5,0.29,0.348,0.436,0.784,0.146,4.8,0.317,0.8,-2,1.2,0,79,10.8,0.338,110,0.277
2022,"Jean Segura","PHI",98,354,98,79,9,0,10,45,33,25,1,58,7,1,0,16,13,6,387,0.065,0.15,0.43,0.277,0.336,0.387,0.723,0.11,4,0.307,1.7,-3.1,0.6,-0.2,47,3.1,0.32,105,0.219
2021,"Jed Lowrie","OAK",139,457,112,70,28,0,14,55,69,49,1,108,2,4,0,8,0,0,512,0.096,0.211,0.45,0.245,0.318,0.398,0.717,0.153,1.3,0.289,-1.9,0.7,-1.4,-0.4,61,-1.4,0.311,101,0.18
2020,"Jeff McNeil","NYM",52,183,57,39,14,0,4,19,23,20,2,24,3,3,0,3,0,2,209,0.096,0.115,0.83,0.311,0.383,0.454,0.836,0.142,1.3,0.335,-1.9,0.5,0,-1.1,33,7,0.36,131,0.251
2021,"Jeff McNeil","NYM",120,386,97,70,19,1,7,48,35,29,0,58,10,1,0,10,3,0,426,0.068,0.136,0.5,0.251,0.319,0.36,0.679,0.109,3.9,0.28,-0.8,-0.5,-2.8,0.2,47,-4.9,0.301,91,0.326
2022,"Jeff McNeil","NYM",148,533,174,125,39,1,9,73,62,40,1,61,11,5,0,6,4,0,589,0.068,0.104,0.66,0.326,0.382,0.454,0.836,0.128,3.3,0.353,0.5,1.4,-0.2,0.1,93,25.9,0.365,140,0.27
2023,"Jeff McNeil","NYM",156,585,158,119,25,4,10,75,55,39,0,65,18,3,3,5,10,0,648,0.06,0.1,0.6,0.27,0.333,0.378,0.711,0.108,5.2,0.288,-0.4,1.5,0,0.6,77,-2.3,0.314,99,0.238
2022,"Jeremy Peña","HOU",136,521,132,88,20,2,22,72,63,22,0,135,6,5,1,5,11,2,558,0.039,0.242,0.16,0.253,0.289,0.426,0.715,0.173,5.3,0.298,1,1.8,1.3,0.9,64,-0.3,0.309,102,0.263
2023,"Jeremy Peña","HOU",150,577,152,107,32,3,10,81,52,43,1,129,9,1,1,11,13,9,634,0.068,0.203,0.33,0.263,0.324,0.381,0.705,0.118,4.9,0.323,2,0.5,3.1,-2.4,73,-4.6,0.31,96,0.266
2021,"Jesús Sánchez","MIA",64,227,57,33,8,2,14,27,36,20,3,78,3,1,0,2,0,1,251,0.08,0.311,0.26,0.251,0.319,0.489,0.808,0.238,2.9,0.316,-3,0.7,-0.8,-0.6,36,5.1,0.339,111,0.214
2022,"Jesús Sánchez","MIA",98,313,67,37,14,3,13,38,36,26,0,92,3,1,0,7,1,0,343,0.076,0.268,0.28,0.214,0.28,0.403,0.682,0.188,4.2,0.258,-1.1,-0.3,-0.1,-0.1,36,-3.2,0.298,88,0.253
2023,"Jesús Sánchez","MIA",125,360,91,51,23,3,14,43,52,38,1,107,2,1,1,12,3,1,402,0.095,0.266,0.36,0.253,0.327,0.45,0.777,0.197,4.1,0.321,-0.1,-1.4,0.2,-0.5,54,5.2,0.334,108,0.252
2020,"Ji Man Choi","TBR",42,122,28,12,13,0,3,16,16,20,2,36,0,3,0,1,0,0,145,0.138,0.248,0.56,0.23,0.331,0.41,0.741,0.18,1.3,0.291,0.1,0.5,-0.4,-0.1,18,-0.4,0.316,104,0.229
2021,"Ji Man Choi","TBR",83,258,59,34,14,0,11,36,45,45,0,87,2,0,0,5,0,0,305,0.148,0.285,0.52,0.229,0.348,0.411,0.758,0.182,1.2,0.3,-0.5,-0.1,0.6,-0.3,42,5,0.334,117,0.233
2020,"Jo Adell","LAA",38,124,20,13,4,0,3,9,7,7,0,55,1,0,0,3,0,1,132,0.053,0.417,0.13,0.161,0.212,0.266,0.478,0.105,1.7,0.258,-0.5,-0.6,0.2,-0.5,5,-12,0.212,26,0.246
2021,"Jo Adell","LAA",35,130,32,21,5,2,4,17,26,8,0,32,1,0,1,3,2,1,140,0.057,0.229,0.25,0.246,0.295,0.408,0.703,0.162,5.9,0.298,-0.3,0.1,-0.3,-0.1,16,-1.3,0.303,89,0.224
2022,"Jo Adell","LAA",88,268,60,38,12,2,8,22,27,11,0,107,4,1,0,6,4,2,285,0.039,0.375,0.1,0.224,0.264,0.373,0.637,0.149,4.7,0.338,0.9,0.1,0.6,-0.2,25,-7.2,0.278,77,0.207
2020,"Joey Bart","SFG",33,103,24,17,5,2,0,15,7,3,0,41,5,0,0,1,0,0,111,0.027,0.369,0.07,0.233,0.288,0.32,0.609,0.087,5.1,0.387,-0.1,0.2,-0.5,-0.1,9,-4.6,0.271,68,0.215
2022,"Joey Bart","SFG",97,261,56,39,6,0,11,34,25,26,0,112,4,0,0,5,2,1,291,0.089,0.385,0.23,0.215,0.296,0.364,0.66,0.149,2.9,0.326,-1.4,0.2,-1.4,-0.3,30,-3.6,0.294,90,0.265
2020,"Joey Gallo","TEX",57,193,35,17,8,0,10,23,26,29,2,79,4,0,0,0,2,0,226,0.128,0.35,0.37,0.181,0.301,0.378,0.679,0.197,3,0.24,1.7,0.8,0.4,0.2,24,-4.4,0.297,86,0.223
2021,"Joey Gallo","TEX",95,310,69,37,6,1,25,57,55,74,4,125,4,0,0,3,6,0,388,0.191,0.322,0.59,0.223,0.379,0.49,0.869,0.268,4.7,0.275,0.5,1.4,0.3,0.8,66,18.6,0.372,138,0.16
2021,"Joey Gallo","NYY",58,188,30,10,7,0,13,33,22,37,1,88,2,1,0,3,0,0,228,0.162,0.386,0.42,0.16,0.303,0.404,0.707,0.245,1.8,0.193,1.4,0.2,1,-0.2,26,-1.2,0.308,97,0.162
2022,"Joey Gallo","LAD",44,117,19,7,4,1,7,16,23,16,0,57,3,1,0,0,1,0,137,0.117,0.416,0.28,0.162,0.277,0.393,0.671,0.231,5.4,0.222,-1.7,0.8,-0.7,0.1,14,-1.5,0.296,91,0.159
2022,"Joey Gallo","NYY",82,233,37,20,4,1,12,32,24,40,0,106,0,0,0,0,2,0,273,0.147,0.388,0.38,0.159,0.282,0.339,0.621,0.18,4.4,0.217,-0.3,1.5,-0.4,0.2,25,-6.2,0.281,81,0.177
2023,"Joey Gallo","MIN",111,282,50,19,9,1,21,39,40,48,1,142,2,0,0,3,1,1,332,0.145,0.428,0.34,0.177,0.301,0.44,0.741,0.262,3,0.244,1.3,0.4,1,-0.7,41,0.3,0.32,102,0.161
2022,"Joey Meneses","WSN",56,222,72,45,14,0,13,33,34,15,2,52,1,2,0,13,1,0,240,0.063,0.217,0.29,0.324,0.367,0.563,0.93,0.239,2.4,0.371,-0.4,-2.4,-1.2,0,44,16.3,0.395,158,0.275
2023,"Joey Meneses","WSN",154,611,168,118,36,1,13,71,89,38,0,130,5,3,0,15,0,0,657,0.058,0.198,0.29,0.275,0.321,0.401,0.722,0.126,1.6,0.329,-1.7,-1.3,-3.9,-1.2,78,-2.1,0.314,96,0.231
2020,"Joey Wendle","TBR",50,168,48,33,9,2,4,24,17,10,1,35,5,1,0,1,8,2,184,0.054,0.19,0.29,0.286,0.342,0.435,0.777,0.149,6.8,0.338,0,0.8,0.1,0.6,25,2.3,0.335,117,0.265
2021,"Joey Wendle","TBR",136,460,122,76,31,4,11,73,54,28,4,113,10,3,0,9,8,6,501,0.056,0.226,0.25,0.265,0.319,0.422,0.741,0.157,5.6,0.327,1,0.1,2.6,-1.3,62,1,0.317,105,0.259
2022,"Joey Wendle","MIA",101,347,90,62,24,1,3,27,32,15,0,50,5,3,1,7,12,3,371,0.04,0.135,0.3,0.259,0.297,0.36,0.658,0.101,4.5,0.293,-0.7,-0.2,0,0.9,36,-6.2,0.289,82,0.212
2021,"Jonah Heim","TEX",82,265,52,29,13,0,10,22,32,15,0,58,1,3,1,8,3,1,285,0.053,0.204,0.26,0.196,0.239,0.358,0.598,0.162,2.8,0.21,-0.5,-0.4,0.1,0,21,-13.7,0.256,59,0.227
2022,"Jonah Heim","TEX",127,406,92,55,20,1,16,51,48,41,0,87,1,2,0,10,2,0,450,0.091,0.193,0.47,0.227,0.298,0.399,0.697,0.172,3.2,0.249,-1.8,0,-2.3,0,50,-1.5,0.306,99,0.258
2023,"Jonah Heim","TEX",131,457,118,72,28,0,18,61,95,40,2,96,1,3,0,10,2,0,501,0.08,0.192,0.42,0.258,0.317,0.438,0.755,0.179,2.6,0.289,1.3,-0.3,-0.2,-0.5,63,2.3,0.324,107,0.22
2023,"Jonathan Aranda","TBR",34,87,20,13,4,1,2,13,13,13,1,31,2,1,0,1,0,0,103,0.126,0.301,0.42,0.23,0.34,0.368,0.708,0.138,3.7,0.327,0.2,0.1,0,-0.2,12,-0.5,0.312,101,0.234
2021,"Jonathan India","CIN",150,532,143,86,34,2,21,98,69,71,1,141,23,4,1,13,12,3,631,0.113,0.223,0.5,0.269,0.376,0.459,0.835,0.19,5.1,0.326,-0.5,-0.9,-0.8,0.5,102,25.2,0.363,122,0.249
2022,"Jonathan India","CIN",103,386,96,68,16,2,10,48,41,31,1,94,14,0,0,5,3,4,431,0.072,0.218,0.33,0.249,0.327,0.378,0.705,0.13,3.5,0.305,0.2,0.3,-0.9,-1.5,51,1.4,0.314,95,0.244
2023,"Jonathan India","CIN",119,454,111,71,23,0,17,78,61,52,0,109,16,7,0,13,14,2,529,0.098,0.206,0.48,0.244,0.338,0.407,0.746,0.163,5,0.281,0.7,-2,1.8,0.9,68,3.9,0.327,100,0.248
2020,"Jonathan Schoop","DET",44,162,45,31,4,2,8,26,23,8,0,39,4,2,0,8,0,0,177,0.045,0.22,0.21,0.278,0.324,0.475,0.799,0.198,4,0.316,1.8,-1.5,0.4,-0.1,25,3,0.34,117,0.278
2021,"Jonathan Schoop","DET",156,623,173,120,30,1,22,85,84,37,0,133,6,8,0,15,2,0,674,0.055,0.197,0.28,0.278,0.32,0.435,0.755,0.157,2.8,0.317,-0.3,-1.6,-0.3,-0.2,87,5.3,0.324,105,0.202
2022,"Jonathan Schoop","DET",131,481,97,62,23,1,11,48,38,19,1,107,6,4,0,15,5,0,510,0.037,0.21,0.18,0.202,0.239,0.322,0.561,0.121,4.4,0.234,0.2,-1,-1.4,0.6,32,-26.1,0.245,57,0.213
2020,"Jonathan Villar","MIA",30,116,30,24,4,0,2,10,9,10,1,32,0,1,1,2,9,5,128,0.078,0.25,0.31,0.259,0.315,0.345,0.66,0.086,4.1,0.337,0,0,0,-0.5,13,-3.4,0.289,81,0.249
2021,"Jonathan Villar","NYM",142,454,113,75,18,2,18,63,42,46,2,132,3,0,2,6,14,7,505,0.091,0.261,0.35,0.249,0.322,0.416,0.738,0.167,4.9,0.313,3.1,1.1,0.4,-0.6,63,2.2,0.32,103,0.222
2021,"Jordan Luplow","CLE",36,98,17,5,5,0,7,12,20,21,0,31,2,0,0,1,0,2,121,0.174,0.256,0.68,0.173,0.331,0.439,0.769,0.265,1.4,0.167,-0.8,0.2,0.2,-0.9,17,2.1,0.336,115,0.176
2023,"Jordan Walker","STL",117,420,116,79,19,2,16,51,51,37,0,104,6,2,0,9,7,4,465,0.08,0.224,0.36,0.276,0.342,0.445,0.787,0.169,3.9,0.331,0.1,-0.1,1.1,-1.2,65,8.8,0.341,116,0.201
2023,"Jordan Westburg","BAL",68,208,54,32,17,2,3,26,23,16,0,56,1,3,0,3,4,1,228,0.07,0.246,0.29,0.26,0.311,0.404,0.715,0.144,5.8,0.336,0.7,0.1,0.9,0,26,-1.8,0.309,96,0.264
2020,"Jorge Alfaro","MIA",31,93,21,16,2,0,3,12,16,4,1,36,3,0,0,2,2,0,100,0.04,0.36,0.11,0.226,0.28,0.344,0.624,0.118,5,0.333,-0.3,0.1,-0.4,0.3,8,-4.1,0.271,69,0.244
2021,"Jorge Alfaro","MIA",92,295,72,52,15,1,4,22,30,11,0,99,5,0,0,8,8,1,311,0.035,0.318,0.11,0.244,0.283,0.342,0.625,0.098,4.7,0.354,0,-0.9,-0.7,0.9,27,-10.5,0.274,68,0.246
2020,"Jose Altuve","HOU",48,192,42,28,9,0,5,32,18,17,0,39,1,0,0,5,2,3,210,0.081,0.186,0.44,0.219,0.286,0.344,0.629,0.125,3.7,0.25,1.5,-0.1,1.4,-1,19,-7.4,0.278,74,0.278
2021,"Jose Altuve","HOU",146,601,167,103,32,1,31,117,83,66,3,91,4,6,1,9,5,3,678,0.097,0.134,0.73,0.278,0.35,0.489,0.839,0.211,3.7,0.28,3,0.3,2,-0.8,106,23.8,0.357,128,0.3
2022,"Jose Altuve","HOU",141,527,158,91,39,0,28,103,57,66,2,87,10,1,0,13,18,1,604,0.109,0.144,0.76,0.3,0.387,0.533,0.921,0.233,5,0.315,-2.4,-1.6,-2.2,2.5,111,41.8,0.397,164,0.311
2023,"Jose Altuve","HOU",90,360,112,72,21,2,17,76,51,44,0,71,5,1,0,9,14,2,410,0.107,0.173,0.62,0.311,0.393,0.522,0.915,0.211,6.2,0.348,-0.7,-1,-1,1,75,25.4,0.393,154,0.295
2020,"Jose Iglesias","BAL",39,142,53,33,17,0,3,16,24,3,0,17,4,1,0,1,0,0,150,0.02,0.113,0.18,0.373,0.4,0.556,0.956,0.183,1.1,0.407,0.8,0.3,-0.1,-0.1,30,11.1,0.407,160,0.259
2021,"Jose Iglesias","LAA",114,424,110,78,23,1,8,57,41,18,0,66,4,1,0,10,5,2,447,0.04,0.148,0.27,0.259,0.295,0.375,0.67,0.116,4.4,0.291,0.6,-0.8,0.8,-0.2,45,-8.7,0.291,81,0.292
2022,"Jose Iglesias","COL",118,439,128,95,30,0,3,48,47,17,0,56,8,3,0,11,2,3,467,0.036,0.12,0.3,0.292,0.328,0.38,0.708,0.089,2.2,0.326,-1.2,-0.8,0.7,-1.3,54,0.7,0.312,87,0.337
2022,"Jose Siri","TBR",56,166,40,27,9,0,4,35,14,11,0,60,1,0,0,1,8,1,178,0.062,0.337,0.18,0.241,0.292,0.367,0.66,0.127,6.3,0.353,0.9,0.6,0.2,1,18,-2.6,0.291,92,0.178
2022,"Jose Siri","HOU",48,135,24,15,4,2,3,18,10,9,0,48,2,1,0,2,6,1,147,0.061,0.327,0.19,0.178,0.238,0.304,0.542,0.126,8.8,0.247,1.9,0.5,1.7,0.7,9,-8.1,0.241,54,0.222
2023,"Jose Siri","TBR",101,338,75,35,13,2,25,58,56,20,0,130,2,3,1,5,12,3,364,0.055,0.357,0.15,0.222,0.267,0.494,0.761,0.272,7.3,0.269,2.8,0.7,1.6,0.7,44,0.1,0.319,106,0.187
2020,"Josh Donaldson","MIN",28,81,18,10,2,0,6,14,11,18,1,24,2,1,0,4,0,0,102,0.176,0.235,0.75,0.222,0.373,0.469,0.842,0.247,1.2,0.231,-0.4,-0.7,-0.4,-0.1,16,3.6,0.362,132,0.247
2021,"Josh Donaldson","MIN",135,457,113,61,26,0,26,73,72,74,2,114,4,8,0,22,0,0,543,0.136,0.21,0.65,0.247,0.352,0.475,0.827,0.228,1.3,0.268,-0.6,-3.2,-0.8,-0.5,83,17.2,0.353,126,0.222
2022,"Josh Donaldson","NYY",132,478,106,63,28,0,15,59,62,54,1,148,8,6,0,13,2,2,546,0.099,0.271,0.36,0.222,0.308,0.374,0.682,0.153,2.2,0.283,-2.9,-0.7,-3,-0.9,59,-3.6,0.302,96,0.142
2022,"Josh Jung","TEX",26,98,20,10,4,1,5,9,14,4,0,39,0,0,0,2,2,0,102,0.039,0.382,0.1,0.204,0.235,0.418,0.654,0.214,6,0.278,-1.7,-0.4,-0.5,0.3,9,-2.4,0.28,81,0.266
2023,"Josh Jung","TEX",122,478,127,78,25,1,23,75,70,30,0,151,5,2,0,7,1,3,515,0.058,0.293,0.2,0.266,0.315,0.467,0.781,0.201,3,0.34,-2.4,1.4,-1.5,-1.9,70,6.8,0.334,114,0.264
2022,"Josh Lowe","TBR",52,181,40,24,12,2,2,24,13,15,1,66,1,0,1,1,3,0,198,0.076,0.333,0.23,0.221,0.284,0.343,0.627,0.122,6.7,0.336,0.8,0.9,1.4,0.4,17,-5.3,0.276,81,0.292
2023,"Josh Lowe","TBR",135,466,136,81,33,2,20,71,83,31,2,124,1,3,0,6,32,3,501,0.062,0.248,0.25,0.292,0.335,0.5,0.835,0.208,6.8,0.357,1,1.7,0.5,4.3,76,14.8,0.354,130,0.241
2020,"Joshua Fuentes","COL",30,98,30,21,7,0,2,14,17,2,0,29,1,2,0,1,1,0,103,0.019,0.282,0.07,0.306,0.32,0.439,0.759,0.133,4.1,0.406,0.6,0.1,0.5,0.1,13,0.3,0.323,86,0.225
2020,"José Abreu","CHW",60,240,76,42,15,0,19,43,60,18,1,59,3,1,0,10,0,0,262,0.069,0.225,0.31,0.317,0.37,0.617,0.987,0.3,1.5,0.35,0.7,-1.5,-0.4,-0.2,53,20.2,0.411,164,0.261
2021,"José Abreu","CHW",152,566,148,86,30,2,30,86,117,61,3,143,22,10,0,28,1,0,659,0.093,0.217,0.43,0.261,0.351,0.481,0.831,0.219,2.8,0.293,-0.7,-3.4,-1.6,-0.4,101,21.5,0.354,125,0.304
2022,"José Abreu","CHW",157,601,183,128,40,0,15,85,75,62,2,110,12,4,0,19,0,0,679,0.091,0.162,0.56,0.304,0.378,0.446,0.824,0.141,1.4,0.35,1,-1.9,-1.5,-0.8,105,27.8,0.361,137,0.237
2023,"José Abreu","HOU",141,540,128,86,23,1,18,62,90,42,1,130,6,6,0,16,0,1,594,0.071,0.219,0.32,0.237,0.296,0.383,0.68,0.146,2,0.276,-1.3,-1.4,-1.1,-1.4,61,-11.4,0.295,86,0.124
2022,"José Barrero","CIN",48,165,25,20,3,0,2,13,10,9,0,76,0,0,0,4,4,1,174,0.052,0.437,0.12,0.152,0.195,0.206,0.401,0.055,4.5,0.264,0.8,-0.2,0.3,0.3,2,-17.6,0.183,6,0.218
2023,"José Caballero","SEA",104,231,51,37,9,1,4,37,26,28,0,66,17,4,0,0,26,3,280,0.1,0.236,0.42,0.221,0.343,0.32,0.663,0.1,7.8,0.285,0.3,1.6,-0.3,3.3,31,-3.2,0.305,99,0.227
2020,"José Ramírez","CLE",58,219,64,30,16,1,17,45,46,31,0,43,3,1,0,2,10,3,254,0.122,0.169,0.72,0.292,0.386,0.607,0.993,0.315,5.8,0.294,0.2,1.2,0.4,0.5,52,20.3,0.415,167,0.266
2021,"José Ramírez","CLE",152,552,147,74,32,5,36,111,103,72,10,87,7,5,0,13,27,4,636,0.113,0.137,0.83,0.266,0.355,0.538,0.893,0.272,7,0.256,2.5,0.6,2.4,3.2,107,30.2,0.372,140,0.28
2022,"José Ramírez","CLE",157,601,168,90,44,5,29,90,126,69,20,82,6,9,0,5,20,7,685,0.101,0.12,0.84,0.28,0.355,0.514,0.869,0.235,5.3,0.279,2.8,2.6,2.9,0.6,107,28.8,0.363,140,0.282
2023,"José Ramírez","CLE",156,611,172,107,36,5,24,87,80,73,22,73,1,6,0,8,28,6,691,0.106,0.106,1,0.282,0.356,0.475,0.831,0.193,5.7,0.285,2.9,2.3,0.6,1.8,100,15.8,0.346,122,0.279
2020,"Juan Soto","WSN",47,154,54,27,14,0,13,39,37,41,12,28,1,0,0,1,6,2,196,0.209,0.143,1.46,0.351,0.49,0.695,1.185,0.344,4,0.363,-1.5,0.9,-1.2,0.1,51,26.1,0.478,202,0.313
2021,"Juan Soto","WSN",151,502,157,106,20,2,29,111,95,145,23,93,2,5,0,23,9,7,654,0.222,0.142,1.56,0.313,0.465,0.534,0.999,0.221,3.5,0.332,0.5,-1.9,-1.2,-1.9,136,57.3,0.42,164,0.246
2022,"Juan Soto","WSN",101,342,84,45,17,1,21,62,46,91,4,62,3,0,0,11,6,2,436,0.209,0.142,1.47,0.246,0.408,0.485,0.894,0.24,3.5,0.243,-1.3,-1.4,-2.1,-0.2,78,27.7,0.39,154,0.236
2022,"Juan Soto","SDP",52,182,43,28,8,1,6,31,16,44,2,34,1,0,0,1,0,0,228,0.193,0.149,1.29,0.236,0.388,0.39,0.778,0.154,2.4,0.261,-0.3,1,0.4,-0.3,33,7.1,0.349,130,0.275
2023,"Juan Soto","SDP",162,568,156,88,32,1,35,97,109,132,11,129,2,5,1,18,12,5,708,0.186,0.182,1.02,0.275,0.41,0.519,0.93,0.245,3.5,0.296,-2.6,-0.4,0.5,-1.3,131,45,0.395,154,0.288
2022,"Juan Yepez","STL",76,253,64,39,13,0,12,27,30,16,0,61,1,4,0,6,0,0,274,0.058,0.223,0.26,0.253,0.296,0.447,0.742,0.194,0.9,0.283,-1.4,-0.1,-1.8,-0.2,33,2.1,0.319,107,0.283
2022,"Julio Rodríguez","SEA",132,511,145,89,25,3,28,84,75,40,4,145,8,1,0,7,25,7,560,0.071,0.259,0.28,0.284,0.345,0.509,0.853,0.225,6.2,0.345,2,0.6,1.9,1.7,89,25.1,0.366,148,0.275
2023,"Julio Rodríguez","SEA",155,654,180,109,37,2,32,102,103,47,6,175,11,2,0,14,37,10,714,0.066,0.245,0.27,0.275,0.333,0.485,0.818,0.209,6,0.33,4.5,0.6,3.3,1.9,104,17.2,0.347,128,0.273
2020,"Jurickson Profar","SDP",56,180,50,37,6,0,7,28,25,15,0,28,4,2,1,1,7,1,202,0.074,0.139,0.54,0.278,0.343,0.428,0.771,0.15,4.9,0.293,0.8,1.1,-0.6,0.8,28,2.6,0.335,113,0.227
2021,"Jurickson Profar","SDP",137,353,80,57,17,2,4,47,33,49,1,65,6,2,1,12,10,5,412,0.119,0.158,0.75,0.227,0.329,0.32,0.649,0.093,4.9,0.266,0.1,-1.5,0.6,-0.5,43,-7.2,0.293,87,0.243
2022,"Jurickson Profar","SDP",152,575,140,87,36,2,15,82,58,73,0,103,4,3,3,12,5,1,658,0.111,0.157,0.71,0.243,0.331,0.391,0.723,0.148,4,0.272,-1,-0.3,-0.3,-0.1,81,5.5,0.32,110,0.236
2023,"Jurickson Profar","COL",111,415,98,63,25,2,8,51,39,45,0,86,6,5,0,9,1,0,472,0.095,0.182,0.52,0.236,0.316,0.364,0.68,0.128,3.3,0.276,-1.1,-0.8,-1.6,-0.7,51,-7,0.301,73,0.28
2020,"Justin Upton","LAA",42,147,30,16,5,0,9,20,22,11,0,43,7,1,0,6,0,2,166,0.066,0.259,0.26,0.204,0.289,0.422,0.711,0.218,2.5,0.219,0.6,-0.7,0.2,-1,19,-1.8,0.307,91,0.211
2021,"Ke'Bryan Hayes","PIT",96,362,93,65,20,2,6,49,38,31,0,87,1,2,0,11,9,1,396,0.078,0.22,0.36,0.257,0.316,0.373,0.689,0.116,5.6,0.321,0.6,-0.7,0.9,1,44,-4.3,0.301,85,0.244
2022,"Ke'Bryan Hayes","PIT",136,505,123,89,24,3,7,55,41,48,0,122,5,2,0,12,20,5,560,0.086,0.218,0.39,0.244,0.314,0.345,0.659,0.101,5.3,0.307,0.4,-0.9,1.3,1.4,57,-6.8,0.294,86,0.271
2023,"Ke'Bryan Hayes","PIT",124,494,134,81,31,7,15,65,61,28,1,104,0,3,0,11,10,6,525,0.053,0.198,0.27,0.271,0.309,0.453,0.762,0.182,5.7,0.315,-0.6,0.5,1.2,-1.4,67,2.5,0.324,101,0.233
2022,"Keibert Ruiz","WSN",112,394,99,70,22,0,7,33,36,30,0,50,6,2,1,9,6,1,433,0.069,0.115,0.6,0.251,0.313,0.36,0.673,0.109,3,0.271,-0.7,0.1,-0.4,0.4,46,-3.7,0.299,92,0.26
2023,"Keibert Ruiz","WSN",136,523,136,94,24,0,18,55,67,31,1,58,6,2,0,13,1,1,562,0.055,0.103,0.53,0.26,0.308,0.409,0.717,0.149,1.6,0.263,-5.7,-0.5,-4.3,-1.2,65,-3.7,0.31,93,0.229
2021,"Kelvin Gutiérrez","BAL",47,137,34,27,4,1,2,14,12,13,0,45,3,0,0,1,0,0,153,0.085,0.294,0.29,0.248,0.327,0.336,0.663,0.088,2.7,0.356,-0.8,0.2,0,-0.1,16,-2.2,0.297,85,0.215
2022,"Kerry Carpenter","DET",31,103,26,15,4,1,6,16,10,6,0,32,3,1,0,0,0,0,113,0.053,0.283,0.19,0.252,0.31,0.485,0.795,0.233,3.7,0.303,-0.5,0.5,0,-0.1,16,2.9,0.342,125,0.278
2023,"Kerry Carpenter","DET",118,418,116,77,17,2,20,57,64,32,3,115,8,1,0,5,6,0,459,0.07,0.251,0.28,0.278,0.34,0.471,0.811,0.194,4.7,0.338,-0.6,0.2,-0.2,0.3,67,11,0.347,121,0.284
2020,"Keston Hiura","MIL",59,217,46,29,4,0,13,30,32,16,2,85,11,2,0,7,3,2,246,0.065,0.346,0.19,0.212,0.297,0.41,0.707,0.198,3.4,0.273,0.7,-0.8,0.1,-0.4,28,-3.4,0.304,88,0.168
2021,"Keston Hiura","MIL",61,173,29,15,9,1,4,16,19,14,0,77,7,1,2,6,3,0,197,0.071,0.391,0.18,0.168,0.256,0.301,0.557,0.133,5.7,0.269,1.3,-0.5,0.2,0.5,13,-10.5,0.25,53,0.226
2020,"Kevin Kiermaier","TBR",49,138,30,19,5,3,3,16,22,20,1,42,1,0,0,2,8,1,159,0.126,0.264,0.48,0.217,0.321,0.362,0.683,0.145,7.4,0.29,1.1,0.1,1.3,1,17,-2.5,0.301,94,0.259
2021,"Kevin Kiermaier","TBR",122,348,90,60,19,7,4,54,37,33,2,99,5,4,0,4,9,5,390,0.085,0.254,0.33,0.259,0.328,0.388,0.716,0.129,6.8,0.345,1.8,1,4.9,-0.6,46,-1.3,0.31,101,0.228
2022,"Kevin Kiermaier","TBR",63,206,47,32,8,0,7,28,22,14,0,61,1,0,0,2,6,1,221,0.063,0.276,0.23,0.228,0.281,0.369,0.649,0.141,4.9,0.29,1.9,0.7,2.3,0.6,21,-4.1,0.286,89,0.265
2023,"Kevin Kiermaier","TOR",129,370,98,63,21,6,8,58,36,29,0,86,4,4,1,9,14,1,408,0.071,0.211,0.34,0.265,0.322,0.419,0.741,0.154,7.8,0.321,-3.3,-1,1.5,1.6,50,0.6,0.32,103,0.195
2020,"Kevin Newman","PIT",44,156,35,29,5,0,1,12,10,12,0,21,1,2,1,1,0,1,172,0.07,0.122,0.57,0.224,0.281,0.276,0.556,0.051,1.4,0.25,0.3,0.6,0.1,-0.6,12,-10,0.251,53,0.226
2021,"Kevin Newman","PIT",148,517,117,87,22,3,5,50,39,27,3,41,1,3,6,7,6,1,554,0.049,0.074,0.66,0.226,0.265,0.309,0.574,0.083,4.5,0.236,2.6,2.1,2.9,0.4,37,-29.9,0.249,52,0.274
2022,"Kevin Newman","PIT",78,288,79,57,18,2,2,31,24,16,0,48,2,1,2,6,8,2,309,0.052,0.155,0.33,0.274,0.316,0.372,0.687,0.097,5.4,0.322,2.5,0,2.5,0.5,34,-1.8,0.303,92,0.253
2023,"Kevin Newman","CIN",74,225,57,38,16,0,3,28,28,17,0,34,4,5,2,7,8,1,253,0.067,0.134,0.5,0.253,0.311,0.364,0.675,0.111,4.9,0.28,-0.2,-0.5,0.3,0.7,26,-4.8,0.296,79,0.278
2020,"Kevin Pillar","BOS",30,117,32,19,7,2,4,20,13,8,0,23,1,0,0,4,1,1,126,0.063,0.183,0.35,0.274,0.325,0.47,0.795,0.197,5.7,0.311,1,-0.2,-0.2,-0.3,18,2.1,0.34,110,0.231
2021,"Kevin Pillar","NYM",124,325,75,47,11,2,15,40,47,11,0,81,10,1,0,5,4,3,347,0.032,0.233,0.14,0.231,0.277,0.415,0.692,0.185,4.7,0.261,0.4,1,0.2,-0.7,37,-5,0.297,88,0.228
2023,"Kevin Pillar","ATL",81,197,45,26,10,0,9,29,32,6,0,50,0,3,0,2,4,1,206,0.029,0.243,0.12,0.228,0.248,0.416,0.664,0.188,5.2,0.255,0.3,0.7,0.6,0.1,18,-6.6,0.28,72,0.236
2022,"Kevin Smith","OAK",47,139,25,13,9,1,2,9,13,7,0,42,0,2,3,5,4,0,151,0.046,0.278,0.17,0.18,0.216,0.302,0.518,0.122,6.1,0.237,-0.5,-0.8,0.3,0.7,7,-10.1,0.226,46,0.185
2022,"Kody Clemens","DET",57,117,17,8,4,0,5,13,17,8,0,33,0,2,0,1,1,0,127,0.063,0.26,0.24,0.145,0.197,0.308,0.505,0.162,4.1,0.148,0.6,0.4,0.4,0.1,6,-9,0.22,39,0.23
2023,"Kody Clemens","PHI",49,139,32,21,7,0,4,15,13,8,0,40,1,0,0,1,0,0,148,0.054,0.27,0.2,0.23,0.277,0.367,0.644,0.137,1.4,0.295,0.5,0.3,0.4,-0.2,13,-4.6,0.281,72,0.219
2020,"Kolten Wong","STL",53,181,48,41,4,2,1,26,16,20,1,30,4,1,2,1,5,2,208,0.096,0.144,0.67,0.265,0.35,0.326,0.675,0.061,5.9,0.311,2.1,0.2,1.9,-0.1,23,-2.7,0.305,92,0.272
2021,"Kolten Wong","MIL",116,445,121,73,32,2,14,70,50,31,1,83,13,3,0,2,12,5,492,0.063,0.169,0.37,0.272,0.335,0.447,0.783,0.175,5.3,0.305,0.3,1.2,1.9,-0.1,69,9,0.337,109,0.251
2022,"Kolten Wong","MIL",134,430,108,65,24,4,15,65,47,46,2,88,14,5,2,5,17,6,497,0.093,0.177,0.52,0.251,0.339,0.43,0.77,0.179,6.1,0.28,1.7,1.2,1.7,0.5,67,10.3,0.336,117,0.165
2020,"Kurt Suzuki","WSN",33,111,30,20,8,0,2,15,17,11,0,19,4,3,0,4,1,0,129,0.085,0.147,0.58,0.27,0.349,0.396,0.745,0.126,3.4,0.301,-1.1,0,-1.6,0.1,17,0.7,0.326,102,0.224
2021,"Kurt Suzuki","LAA",72,219,49,35,8,0,6,17,16,12,0,44,11,3,2,7,0,0,247,0.049,0.178,0.27,0.224,0.294,0.342,0.636,0.119,0.8,0.25,-0.7,-1,-1.1,-0.2,23,-6.7,0.282,75,0.18
2021,"Kyle Garlick","MIN",36,99,23,10,8,0,5,17,10,6,0,32,1,1,0,2,1,0,107,0.056,0.299,0.19,0.232,0.28,0.465,0.745,0.232,4.8,0.286,-0.4,0,0.2,0.1,13,0,0.314,100,0.233
2022,"Kyle Isbel","KCR",106,256,54,35,10,4,5,32,28,16,0,75,3,2,1,5,9,6,278,0.058,0.27,0.21,0.211,0.264,0.34,0.603,0.129,7.3,0.275,0.4,-0.4,0.7,-0.8,22,-9.8,0.265,66,0.24
2023,"Kyle Isbel","KCR",91,292,70,41,22,2,5,45,34,17,0,59,1,2,1,5,7,1,313,0.054,0.188,0.29,0.24,0.282,0.38,0.662,0.14,6.7,0.283,3,0.7,2.2,0.5,30,-8.4,0.286,76,0.229
2020,"Kyle Lewis","SEA",58,206,54,40,3,0,11,37,28,34,0,71,0,2,0,5,5,1,242,0.14,0.293,0.48,0.262,0.364,0.437,0.801,0.175,4,0.341,1.8,-0.4,0.7,0.3,36,6,0.349,127,0.246
2023,"Lawrence Butler","OAK",42,123,26,18,4,0,4,10,10,4,0,35,1,1,0,5,0,0,129,0.031,0.271,0.11,0.211,0.24,0.341,0.582,0.13,1,0.259,-0.3,-0.4,-0.1,-0.2,9,-7.2,0.251,59,0.262
2023,"Lenyn Sosa","CHW",52,164,33,21,6,0,6,12,14,5,1,40,0,1,3,3,0,1,173,0.029,0.231,0.13,0.201,0.224,0.348,0.571,0.146,1.2,0.227,-0.3,-0.2,-0.3,-0.6,10,-11.1,0.241,48,0.254
2020,"Leody Taveras","TEX",33,119,27,16,6,1,4,20,6,14,0,43,0,0,1,0,8,0,134,0.104,0.321,0.33,0.227,0.308,0.395,0.703,0.168,8.2,0.319,0.1,0.4,0.5,1.5,15,-1.5,0.307,93,0.161
2021,"Leody Taveras","TEX",49,174,28,17,6,2,3,14,9,9,0,60,1,0,1,3,10,1,185,0.049,0.324,0.15,0.161,0.207,0.27,0.477,0.109,7.9,0.225,1.2,-0.3,1.1,1.5,6,-16.1,0.209,28,0.261
2022,"Leody Taveras","TEX",99,314,82,61,14,2,5,39,34,21,0,88,2,3,1,2,11,5,341,0.062,0.258,0.24,0.261,0.309,0.366,0.675,0.105,5.6,0.344,1.2,1.1,1,-0.1,36,-3.4,0.297,93,0.266
2023,"Leody Taveras","TEX",143,511,136,88,31,3,14,67,67,35,0,117,1,4,3,3,14,4,554,0.063,0.211,0.3,0.266,0.312,0.421,0.733,0.155,5.3,0.318,1.5,2,2.5,0.2,66,-1.1,0.316,101,0.229
2021,"Lewin Díaz","MIA",40,122,25,12,4,1,8,16,13,6,1,33,0,0,0,1,0,0,128,0.047,0.258,0.18,0.205,0.242,0.451,0.693,0.246,3.2,0.21,-0.6,0.4,-0.1,-0.1,13,-2.8,0.288,78,0.169
2020,"Lourdes Gurriel Jr.","TOR",57,208,64,39,14,0,11,28,33,14,0,48,0,2,0,7,3,1,224,0.063,0.214,0.29,0.308,0.348,0.534,0.882,0.226,3.1,0.351,-1.3,-0.9,-1.1,0,38,9.9,0.372,134,0.276
2021,"Lourdes Gurriel Jr.","TOR",141,500,138,87,28,2,21,62,84,32,1,102,2,6,1,8,1,3,541,0.059,0.189,0.31,0.276,0.319,0.466,0.785,0.19,2.5,0.305,-0.9,0.4,-1.5,-1.5,74,8.2,0.333,107,0.291
2022,"Lourdes Gurriel Jr.","TOR",121,453,132,94,32,1,5,52,52,31,1,83,6,2,0,11,3,4,493,0.063,0.168,0.37,0.291,0.343,0.4,0.743,0.108,2.7,0.346,-2.2,-0.4,-1.6,-1.5,63,6.6,0.327,115,0.261
2023,"Lourdes Gurriel Jr.","ARI",145,551,144,83,35,2,24,65,82,33,1,103,6,2,0,20,5,0,592,0.056,0.174,0.32,0.261,0.309,0.463,0.772,0.201,3.9,0.282,-1.1,-2.2,0.1,0.1,78,5.4,0.329,105,0.279
2023,"Luis Campusano","SDP",49,163,52,38,7,0,7,27,30,7,0,21,3,1,0,8,0,0,174,0.04,0.121,0.33,0.319,0.356,0.491,0.847,0.172,1.9,0.331,-0.7,-1.1,-1.4,-0.4,28,6.6,0.364,133,0.227
2023,"Luis Matos","SFG",76,228,57,41,13,1,2,24,14,20,0,33,3,0,2,3,3,0,253,0.079,0.13,0.61,0.25,0.319,0.342,0.661,0.092,4.3,0.285,-1.3,0.3,-0.5,0.1,26,-4.9,0.295,85,0.213
2020,"Luis Rengifo","LAA",33,90,14,12,1,0,1,12,3,14,0,26,0,0,2,2,3,1,106,0.132,0.245,0.54,0.156,0.269,0.2,0.469,0.044,4.7,0.206,-0.8,-0.2,-0.4,0.1,5,-8.3,0.227,36,0.201
2021,"Luis Rengifo","LAA",54,174,35,28,1,0,6,22,18,9,0,38,2,2,3,3,1,0,190,0.047,0.2,0.24,0.201,0.246,0.31,0.556,0.109,3.6,0.22,0.6,0.4,1.4,0.1,12,-11.1,0.244,49,0.264
2022,"Luis Rengifo","LAA",127,489,129,86,22,4,17,45,52,17,0,79,4,0,1,11,6,2,511,0.033,0.155,0.22,0.264,0.294,0.429,0.724,0.166,4,0.285,2.3,-0.9,2.5,0,60,1.6,0.314,102,0.264
2023,"Luis Rengifo","LAA",126,394,104,69,15,4,16,55,51,41,0,82,6,4,0,3,6,4,445,0.092,0.184,0.5,0.264,0.339,0.444,0.783,0.18,4.8,0.293,0.6,0.9,0.9,-1.4,62,7.6,0.339,115,0.3
2020,"Luis Robert Jr.","CHW",56,202,47,28,8,0,11,33,31,20,0,73,1,2,0,4,9,2,227,0.088,0.322,0.27,0.233,0.302,0.436,0.738,0.203,5.3,0.3,0.4,0.5,0.3,0.8,28,-0.7,0.316,99,0.338
2021,"Luis Robert Jr.","CHW",68,275,93,57,22,1,13,42,43,14,1,61,5,2,0,4,6,1,296,0.047,0.206,0.23,0.338,0.378,0.567,0.946,0.229,4.8,0.394,0.7,0.2,-0.3,0.5,57,20.7,0.399,155,0.284
2022,"Luis Robert Jr.","CHW",98,380,108,78,18,0,12,54,56,17,1,77,3,1,0,6,11,3,401,0.042,0.192,0.22,0.284,0.319,0.426,0.746,0.142,4.6,0.329,3.4,0.4,1.1,0.6,50,4.6,0.324,111,0.264
2023,"Luis Robert Jr.","CHW",145,546,144,69,36,1,38,90,80,30,5,172,12,2,0,10,20,4,595,0.05,0.289,0.17,0.264,0.315,0.542,0.857,0.278,5.7,0.314,-0.9,1.4,-1.6,1.5,92,19.6,0.358,129,0.224
2021,"Luis Torrens","SEA",108,346,84,51,16,2,15,39,47,28,1,99,1,3,0,8,0,0,378,0.074,0.262,0.28,0.243,0.299,0.431,0.73,0.188,2.3,0.294,-0.3,-0.6,0.7,-0.3,45,-1,0.311,101,0.225
2022,"Luis Torrens","SEA",57,151,34,29,2,0,3,13,15,12,0,50,1,2,0,5,0,0,166,0.072,0.301,0.24,0.225,0.283,0.298,0.581,0.073,1,0.31,-0.9,-0.3,-0.8,-0.2,13,-6.4,0.261,73,0.229
2023,"Luke Raley","TBR",118,357,89,44,23,3,19,56,49,28,0,128,18,2,1,2,14,3,406,0.069,0.315,0.22,0.249,0.333,0.49,0.824,0.241,6.9,0.33,1.6,1.4,1.2,0.8,61,11.5,0.353,129,0.243
2020,"Luke Voit","NYY",56,213,59,32,5,0,22,41,52,17,0,54,3,1,0,4,0,0,234,0.073,0.231,0.31,0.277,0.338,0.61,0.948,0.333,1.7,0.268,0.1,0.2,-0.6,-0.2,44,14.5,0.393,153,0.239
2021,"Luke Voit","NYY",68,213,51,32,7,1,11,26,35,21,0,74,7,0,0,12,0,0,241,0.087,0.307,0.28,0.239,0.328,0.437,0.764,0.197,2.1,0.313,-0.5,-2.2,-0.3,-0.2,33,3.5,0.332,113,0.228
2022,"Luke Voit","WSN",53,202,46,33,4,0,9,17,21,16,0,69,4,2,0,4,0,0,224,0.071,0.308,0.23,0.228,0.295,0.381,0.676,0.153,0.5,0.294,-3.1,0.3,-1.8,-0.2,24,-2.1,0.298,91,0.225
2021,"Luke Williams","PHI",58,98,24,19,4,0,1,8,6,10,0,23,0,0,0,2,2,2,108,0.093,0.213,0.43,0.245,0.315,0.316,0.631,0.071,2.4,0.311,0.6,0,0.4,-0.5,10,-2.8,0.283,75,0.235
2022,"MJ Melendez","KCR",129,460,100,58,21,3,18,57,62,66,1,131,1,7,0,2,2,3,534,0.124,0.245,0.5,0.217,0.313,0.393,0.706,0.176,3.1,0.258,-0.7,1.7,-0.2,-1.3,61,0.2,0.31,97,0.235
2023,"MJ Melendez","KCR",148,533,125,75,29,5,16,65,56,62,2,170,3,4,0,4,6,4,602,0.103,0.282,0.36,0.235,0.316,0.398,0.713,0.163,4.5,0.311,-0.9,1.6,2.1,-1.6,69,-4.1,0.31,93,0.206
2020,"Maikel Franco","KCR",60,223,62,38,16,0,8,23,38,16,1,38,0,4,0,4,1,0,243,0.066,0.156,0.42,0.278,0.321,0.457,0.778,0.179,2.1,0.298,-0.6,-0.1,-0.7,0,32,1.9,0.329,105,0.21
2021,"Maikel Franco","BAL",104,377,79,46,22,0,11,31,47,20,0,67,3,3,0,12,0,0,403,0.05,0.166,0.3,0.21,0.253,0.355,0.609,0.146,0.9,0.225,0.1,-1.1,-0.1,-0.2,32,-17.3,0.263,62,0.229
2023,"Maikel Garcia","KCR",123,464,126,98,20,4,4,59,50,38,0,115,2,10,1,9,23,7,515,0.074,0.223,0.33,0.272,0.323,0.358,0.681,0.086,6.3,0.344,-0.7,-0.7,0.7,0.6,54,-8.4,0.299,85,0.231
2020,"Manny Machado","SDP",60,224,68,39,12,1,16,44,47,26,4,37,0,4,0,9,6,3,254,0.102,0.146,0.7,0.304,0.37,0.58,0.95,0.277,5,0.297,-0.2,-1.2,-0.7,-0.3,47,15.4,0.391,150,0.278
2021,"Manny Machado","SDP",153,564,157,96,31,2,28,92,106,63,10,102,2,11,0,10,12,3,640,0.098,0.159,0.62,0.278,0.347,0.489,0.836,0.211,4.7,0.29,-3.1,0.4,-0.9,0.6,96,18.7,0.35,123,0.298
2022,"Manny Machado","SDP",150,578,172,102,37,1,32,100,102,63,10,133,1,2,0,12,9,1,644,0.098,0.207,0.47,0.298,0.366,0.531,0.898,0.234,4.3,0.337,0.9,1.3,-1.1,0.8,110,36.8,0.382,152,0.258
2023,"Manny Machado","SDP",138,543,140,89,21,0,30,75,91,50,1,109,2,6,0,20,3,2,601,0.083,0.181,0.46,0.258,0.319,0.462,0.782,0.204,2.3,0.268,-0.7,-1.5,-1.1,-1.3,81,7.7,0.334,113,0.275
2020,"Manuel Margot","TBR",47,145,39,29,9,0,1,19,11,13,0,25,0,1,0,0,12,4,159,0.082,0.157,0.52,0.269,0.327,0.352,0.679,0.083,5.4,0.317,0.3,0.7,1,0.5,17,-2.6,0.301,94,0.254
2021,"Manuel Margot","TBR",125,421,107,76,18,3,10,55,57,37,2,70,1,4,1,4,13,8,464,0.08,0.151,0.53,0.254,0.313,0.382,0.696,0.128,5.2,0.281,1.4,1.3,0.9,-1.1,51,-5.1,0.301,94,0.274
2022,"Manuel Margot","TBR",89,336,92,68,18,2,4,36,47,24,1,68,2,1,0,7,7,3,363,0.066,0.187,0.35,0.274,0.325,0.375,0.7,0.101,4.4,0.332,2.8,-0.3,3.1,-0.2,41,-0.4,0.308,104,0.264
2023,"Manuel Margot","TBR",99,311,82,56,21,1,4,39,38,18,0,55,4,3,0,6,9,3,336,0.054,0.164,0.33,0.264,0.31,0.376,0.686,0.113,5.2,0.306,-1.1,-0.5,-2,-0.1,36,-5.3,0.299,92,0.238
2020,"Marcell Ozuna","ATL",60,228,77,45,14,0,18,38,56,38,3,60,0,1,0,3,0,0,267,0.142,0.225,0.63,0.338,0.431,0.636,1.067,0.298,0.8,0.391,-0.6,0.7,0.7,-0.3,61,27.9,0.444,178,0.213
2021,"Marcell Ozuna","ATL",48,188,40,27,6,0,7,21,26,19,0,46,1,0,0,6,0,0,208,0.091,0.221,0.41,0.213,0.288,0.356,0.645,0.144,1.2,0.244,-0.6,-0.5,-0.4,-0.2,20,-5.2,0.284,74,0.226
2022,"Marcell Ozuna","ATL",124,470,106,64,19,0,23,56,56,31,0,122,2,4,0,12,2,1,507,0.061,0.241,0.25,0.226,0.274,0.413,0.687,0.187,2.4,0.252,-1.3,-0.9,-1.6,-0.4,53,-4.8,0.298,90,0.274
2023,"Marcell Ozuna","ATL",144,530,145,75,29,1,40,84,100,57,1,134,3,2,0,9,0,0,592,0.096,0.226,0.43,0.274,0.346,0.558,0.905,0.285,1.7,0.293,-0.2,0.8,-1.1,-1,103,30.8,0.381,140,0.302
2023,"Mark Vientos","NYM",65,218,46,31,5,1,9,19,22,10,0,71,3,2,0,5,1,0,233,0.043,0.305,0.14,0.211,0.253,0.367,0.62,0.156,3.2,0.264,-2.3,0.2,-1.1,-0.1,19,-9.9,0.267,68,0.266
2020,"Martín Maldonado","HOU",47,135,29,19,4,0,6,19,24,27,0,51,1,0,2,2,1,0,165,0.164,0.309,0.53,0.215,0.35,0.378,0.727,0.163,2.6,0.295,-2.1,-0.2,-1.8,0.1,22,0.9,0.326,107,0.172
2021,"Martín Maldonado","HOU",125,373,64,41,10,1,12,40,36,47,1,127,5,1,0,9,0,0,426,0.11,0.298,0.37,0.172,0.272,0.3,0.573,0.129,2,0.221,-4.4,-0.3,-4.3,-0.3,32,-20,0.258,61,0.186
2022,"Martín Maldonado","HOU",113,344,64,37,12,0,15,40,45,22,0,116,7,2,4,6,0,0,379,0.058,0.306,0.19,0.186,0.248,0.352,0.6,0.166,1.7,0.228,-3.9,0.3,-2.8,-0.3,30,-13.7,0.264,71,0.191
2023,"Martín Maldonado","HOU",117,362,69,42,12,0,15,33,36,30,0,139,3,0,12,10,0,0,407,0.074,0.342,0.22,0.191,0.258,0.348,0.606,0.157,0.9,0.26,-1.6,-0.4,-1.2,-0.6,32,-17.7,0.266,66,0.119
2023,"Masataka Yoshida","BOS",140,537,155,104,33,3,15,71,72,34,0,81,7,2,0,20,8,0,580,0.059,0.14,0.42,0.289,0.338,0.445,0.783,0.156,4.9,0.316,-2.8,-2.7,-2.4,0.5,80,9.7,0.339,111,0.28
2023,"Masyn Winn","STL",37,122,21,17,2,0,2,8,12,10,0,26,0,3,2,1,2,1,137,0.073,0.19,0.38,0.172,0.23,0.238,0.467,0.066,2.8,0.196,0.4,0.4,0.4,-0.2,4,-12.2,0.211,29,0.267
2020,"Matt Carpenter","STL",50,140,26,16,6,0,4,22,24,23,1,48,6,0,0,1,0,0,169,0.136,0.284,0.48,0.186,0.325,0.314,0.64,0.129,2,0.25,-0.4,1.1,-0.8,-0.1,17,-3.8,0.293,85,0.169
2021,"Matt Carpenter","STL",130,207,35,20,11,1,3,18,21,35,1,77,6,1,0,1,2,0,249,0.141,0.309,0.45,0.169,0.305,0.275,0.581,0.106,3.8,0.25,-0.8,1,0.2,0.2,21,-9.4,0.269,68,0.305
2022,"Matt Carpenter","NYY",47,128,39,15,9,0,15,28,37,19,1,35,5,1,1,2,0,0,154,0.123,0.227,0.54,0.305,0.412,0.727,1.138,0.422,1.4,0.304,-1.1,0.4,-0.1,-0.2,37,19.8,0.472,216,0.176
2023,"Matt Carpenter","SDP",76,188,33,16,12,0,5,18,31,41,0,67,2,5,0,2,1,0,237,0.173,0.283,0.61,0.176,0.322,0.319,0.641,0.144,1.9,0.231,-0.8,0.9,-0.6,-0.3,24,-5.1,0.293,85,0.234
2020,"Matt Chapman","OAK",37,142,33,12,9,2,10,22,25,8,0,54,1,1,0,2,0,0,152,0.053,0.355,0.15,0.232,0.276,0.535,0.812,0.303,4.4,0.291,-0.2,0.3,0.4,-0.1,21,2,0.335,118,0.21
2021,"Matt Chapman","OAK",151,529,111,66,15,3,27,75,72,80,0,202,4,9,0,6,3,2,622,0.129,0.325,0.4,0.21,0.314,0.403,0.716,0.193,3.6,0.272,0.9,1.9,-0.1,-0.8,74,-1.5,0.311,101,0.229
2022,"Matt Chapman","TOR",155,538,123,68,27,1,27,83,76,68,1,170,10,5,0,7,2,2,621,0.11,0.274,0.4,0.229,0.324,0.433,0.757,0.204,2.9,0.277,2.2,1.9,2.1,-1,81,10.4,0.331,118,0.24
2023,"Matt Chapman","TOR",140,509,122,64,39,2,17,66,54,62,1,165,8,2,0,4,4,2,581,0.107,0.284,0.38,0.24,0.33,0.424,0.755,0.185,3.7,0.319,1.3,2,0.3,-1.1,76,4.8,0.328,109,0.247
2023,"Matt Thaiss","LAA",95,262,56,41,6,0,9,32,31,36,1,83,6,3,0,4,2,0,307,0.117,0.27,0.43,0.214,0.319,0.34,0.659,0.126,2.8,0.272,-0.9,-0.1,-1.7,-0.2,32,-5.9,0.295,85,0.204
2022,"Matt Vierling","PHI",117,325,80,60,12,2,6,41,32,23,0,70,3,6,0,7,7,4,357,0.064,0.196,0.33,0.246,0.297,0.351,0.648,0.105,5.1,0.29,0.9,0.1,0.2,-0.5,34,-7,0.285,82,0.261
2023,"Matt Vierling","DET",134,479,125,89,21,5,10,63,44,44,1,112,5,1,1,8,6,6,530,0.083,0.211,0.39,0.261,0.329,0.388,0.717,0.127,4.7,0.321,1.6,0.1,2.2,-2.4,63,-1.7,0.315,99,0.257
2023,"Matt Wallner","MIN",76,213,53,27,11,1,14,42,41,28,1,80,13,0,0,1,2,1,254,0.11,0.315,0.35,0.249,0.37,0.507,0.877,0.258,4.8,0.328,1.1,1,0.9,-0.5,43,12.4,0.377,141,0.259
2020,"Mauricio Dubón","SFG",54,157,43,34,4,1,4,21,19,15,0,36,1,2,1,4,2,3,177,0.085,0.203,0.42,0.274,0.337,0.389,0.726,0.115,3.8,0.328,0.5,0,0.2,-1.1,22,-0.3,0.318,99,0.24
2021,"Mauricio Dubón","SFG",74,175,42,28,9,0,5,20,22,9,2,41,1,2,0,5,2,1,187,0.048,0.219,0.22,0.24,0.278,0.377,0.655,0.137,3.3,0.282,-1.2,-0.2,-1.4,-0.1,17,-5.7,0.278,75,0.208
2022,"Mauricio Dubón","HOU",83,197,41,30,8,0,3,21,16,12,0,26,1,3,3,7,2,3,216,0.056,0.12,0.46,0.208,0.254,0.294,0.548,0.086,2.9,0.222,1,-1,0.9,-1,13,-11.4,0.243,56,0.278
2023,"Mauricio Dubón","HOU",132,467,130,91,26,3,10,76,46,19,0,70,3,3,0,10,7,2,492,0.039,0.142,0.27,0.278,0.309,0.411,0.72,0.133,5.6,0.308,1.2,-0.8,1,-0.3,57,-3.2,0.311,97,0.269
2020,"Max Muncy","LAD",58,203,39,23,4,0,12,36,27,39,2,60,4,2,0,3,1,0,248,0.157,0.242,0.65,0.192,0.331,0.389,0.72,0.197,3,0.203,-0.8,0.4,0.1,0,30,-0.8,0.316,98,0.249
2021,"Max Muncy","LAD",144,497,124,60,26,2,36,95,94,83,5,120,11,1,0,7,2,1,592,0.14,0.203,0.69,0.249,0.368,0.527,0.895,0.278,3.6,0.257,1.1,1.5,-0.7,-0.5,103,31.5,0.379,139,0.196
2022,"Max Muncy","LAD",136,464,91,47,22,1,21,69,69,90,1,141,5,6,0,2,2,0,565,0.159,0.25,0.64,0.196,0.329,0.384,0.713,0.188,3,0.227,-0.2,2.5,-0.3,-0.2,68,3.7,0.318,106,0.212
2023,"Max Muncy","LAD",135,482,102,48,17,1,36,95,105,85,4,153,6,6,0,8,1,2,579,0.147,0.264,0.56,0.212,0.333,0.475,0.808,0.263,2.9,0.221,1.9,0.7,0.6,-1.7,83,12.4,0.344,117,0.232
2021,"Michael A. Taylor","KCR",142,483,118,89,16,1,12,58,54,33,0,144,5,5,2,9,14,7,528,0.063,0.273,0.23,0.244,0.297,0.356,0.653,0.112,4.5,0.319,1.5,-0.6,-0.1,-0.6,51,-12.6,0.286,75,0.254
2022,"Michael A. Taylor","KCR",124,414,105,83,10,3,9,49,43,35,0,109,2,3,2,6,4,2,456,0.077,0.239,0.32,0.254,0.313,0.357,0.67,0.104,4.1,0.321,0.4,0.7,1.1,-0.5,48,-4.5,0.297,88,0.22
2023,"Michael A. Taylor","MIN",129,355,78,42,14,1,21,48,51,26,0,130,3,1,3,7,13,1,388,0.067,0.335,0.2,0.22,0.278,0.442,0.72,0.223,5.8,0.278,0.9,-0.2,1.4,1.6,44,-3.5,0.308,93,0.193
2020,"Michael Brantley","HOU",46,170,51,31,15,0,5,24,22,17,0,28,0,0,0,3,2,0,187,0.091,0.15,0.61,0.3,0.364,0.476,0.84,0.176,3.5,0.336,-2.2,0.4,-0.6,0.2,30,6.7,0.362,131,0.311
2021,"Michael Brantley","HOU",121,469,146,106,29,3,8,68,47,33,1,53,5,1,0,11,1,0,508,0.065,0.104,0.62,0.311,0.362,0.437,0.799,0.126,3.4,0.337,-1,0.1,-0.5,-0.3,75,13.5,0.347,121,0.288
2020,"Michael Chavis","BOS",42,146,31,19,5,2,5,16,19,8,0,50,2,2,0,6,3,0,158,0.051,0.316,0.16,0.212,0.259,0.377,0.636,0.164,6.8,0.28,-0.6,-0.4,-0.6,0.5,13,-6.3,0.272,64,0.229
2020,"Michael Conforto","NYM",54,202,65,44,12,0,9,40,31,24,0,57,7,0,0,6,3,3,233,0.103,0.245,0.42,0.322,0.412,0.515,0.927,0.193,3.2,0.412,0.8,-0.1,-0.1,-0.9,45,15.9,0.401,158,0.232
2021,"Michael Conforto","NYM",125,406,94,60,20,0,14,52,55,59,3,104,12,2,0,14,1,0,479,0.123,0.217,0.57,0.232,0.344,0.384,0.729,0.153,2,0.276,-0.5,-0.7,0.3,-0.2,61,2.8,0.322,104,0.239
2023,"Michael Conforto","SFG",125,406,97,68,14,0,15,58,58,53,4,106,7,4,0,12,4,0,470,0.113,0.226,0.5,0.239,0.334,0.384,0.718,0.145,3.4,0.284,1.3,-0.5,-1,-0.2,56,-1.4,0.315,99,0.237
2022,"Michael Harris II","ATL",114,414,123,74,27,3,19,75,64,21,0,107,5,0,1,7,20,2,441,0.048,0.243,0.2,0.297,0.339,0.514,0.853,0.217,7.2,0.361,2.6,0.5,2.4,2.8,71,20.2,0.368,137,0.293
2023,"Michael Harris II","ATL",138,505,148,94,33,3,18,76,57,25,1,101,5,3,1,8,20,4,539,0.046,0.187,0.25,0.293,0.331,0.477,0.808,0.184,6.1,0.334,1.8,0.7,3.6,1.4,77,11.8,0.345,116,0.264
2022,"Michael Massey","KCR",52,173,42,28,9,1,4,16,17,9,0,46,8,2,2,1,3,0,194,0.046,0.237,0.2,0.243,0.307,0.376,0.683,0.133,5,0.304,0.1,0.9,-0.2,0.4,21,-1.2,0.302,91,0.229
2023,"Michael Massey","KCR",129,428,98,64,18,1,15,42,55,24,0,99,4,4,1,3,6,2,461,0.052,0.215,0.24,0.229,0.274,0.381,0.655,0.152,3.6,0.261,1.2,1.3,1.3,-0.4,43,-13.6,0.283,74,0.259
2021,"Michael Pérez","PIT",70,210,30,14,8,1,7,19,21,19,1,68,2,0,0,4,0,1,231,0.082,0.294,0.28,0.143,0.221,0.29,0.511,0.148,2.8,0.17,-0.5,0.5,0.5,-0.5,11,-17.1,0.225,36,0.15
2022,"Michael Toglia","COL",31,111,24,12,8,2,2,10,12,9,0,44,0,0,0,2,1,1,120,0.075,0.367,0.2,0.216,0.275,0.378,0.653,0.162,4.9,0.338,0.6,0.2,-0.1,-0.3,11,-2.3,0.285,69,0.163
2023,"Michael Toglia","COL",45,141,23,14,5,0,4,18,9,10,0,50,1,0,0,3,1,1,152,0.066,0.329,0.2,0.163,0.224,0.284,0.507,0.121,3.8,0.218,0.3,-0.2,-0.2,-0.4,7,-11.7,0.225,23,0.218
2023,"Mickey Moniak","LAA",85,311,87,50,21,2,14,35,45,9,1,113,3,0,0,4,6,3,323,0.028,0.35,0.08,0.28,0.307,0.495,0.802,0.215,4.9,0.397,0,0.5,1.1,-0.5,45,5.6,0.339,115,0.219
2023,"Miguel Amaya","CHC",53,131,28,19,4,0,5,17,18,12,0,40,11,1,1,2,0,0,156,0.077,0.256,0.3,0.214,0.329,0.359,0.688,0.145,1.7,0.264,0.1,0.2,0,-0.3,18,-1,0.31,95,0.232
2021,"Miguel Andujar","NYY",45,154,39,31,2,0,6,19,12,7,0,28,0,1,0,8,0,1,162,0.043,0.173,0.25,0.253,0.284,0.383,0.667,0.13,2,0.273,0.6,-1.7,-0.2,-0.5,16,-3.6,0.288,83,0.229
2022,"Miguel Andujar","NYY",27,96,22,19,2,0,1,9,8,3,0,22,0,1,0,0,4,0,100,0.03,0.22,0.14,0.229,0.25,0.281,0.531,0.052,5.3,0.284,0.7,0.4,0.3,0.7,5,-6,0.235,48,0.285
2020,"Miguel Cabrera","DET",57,204,51,37,4,0,10,28,35,24,1,51,1,2,0,3,1,0,231,0.104,0.221,0.47,0.25,0.329,0.417,0.746,0.167,2.5,0.283,-2.5,0.4,-2.6,0,30,0.6,0.323,105,0.256
2021,"Miguel Cabrera","DET",130,472,121,90,16,0,15,48,75,40,0,118,5,9,0,21,0,0,526,0.076,0.224,0.34,0.256,0.316,0.386,0.701,0.129,0.9,0.305,-3.7,-2.1,-4.2,-0.5,60,-4.2,0.305,92,0.254
2022,"Miguel Cabrera","DET",112,397,101,86,10,0,5,25,43,28,3,101,3,5,0,11,1,0,433,0.065,0.233,0.28,0.254,0.305,0.317,0.622,0.063,1.3,0.324,-3.4,-1.7,-3.5,-0.3,38,-11.9,0.275,78,0.257
2020,"Miguel Rojas","MIA",40,125,38,23,10,1,4,20,20,16,2,18,2,0,0,1,5,1,143,0.112,0.126,0.89,0.304,0.392,0.496,0.888,0.192,5.8,0.33,-1,0.6,-0.8,0.4,25,7.1,0.379,140,0.265
2021,"Miguel Rojas","MIA",132,495,131,89,30,3,9,66,48,37,0,74,5,1,1,10,13,3,539,0.069,0.137,0.5,0.265,0.322,0.392,0.713,0.127,5.4,0.295,1.3,-0.7,2,0.9,64,-1.4,0.311,93,0.236
2022,"Miguel Rojas","MIA",140,471,111,84,19,2,6,34,36,26,1,61,6,3,1,12,9,3,507,0.051,0.12,0.43,0.236,0.283,0.323,0.605,0.087,3.9,0.258,-2.8,-1.3,-1.8,0.1,41,-16.8,0.268,68,0.236
2023,"Miguel Rojas","LAD",125,385,91,69,16,1,5,49,31,26,0,48,5,5,2,12,8,3,423,0.061,0.113,0.54,0.236,0.29,0.322,0.612,0.086,4.7,0.255,-0.2,-1.3,0,-0.4,35,-16.6,0.271,67,0.283
2023,"Miguel Vargas","LAD",81,256,50,24,15,4,7,36,32,38,1,61,4,4,1,1,3,2,304,0.125,0.201,0.62,0.195,0.305,0.367,0.672,0.172,5.5,0.224,0.1,1.1,0.7,-0.7,31,-5.9,0.295,84,0.104
2021,"Mike Brosseau","TBR",57,150,28,14,9,0,5,21,18,15,0,53,2,2,0,1,2,0,169,0.089,0.314,0.28,0.187,0.266,0.347,0.613,0.16,4.5,0.245,-1.7,0.5,-0.5,0.3,14,-6.5,0.268,72,0.255
2020,"Mike Yastrzemski","SFG",54,192,57,29,14,4,10,39,35,30,2,55,3,0,0,2,2,1,225,0.133,0.244,0.55,0.297,0.4,0.568,0.968,0.271,5.8,0.37,0.1,0.9,0.4,-0.2,45,16.5,0.407,158,0.224
2021,"Mike Yastrzemski","SFG",139,468,105,49,28,3,25,75,71,51,4,131,9,3,1,3,4,0,532,0.096,0.246,0.39,0.224,0.311,0.457,0.768,0.233,5,0.254,1,2.5,1.2,0.4,69,5,0.326,106,0.214
2022,"Mike Yastrzemski","SFG",148,485,104,54,31,2,17,73,57,61,0,141,5,6,1,3,5,1,558,0.109,0.253,0.43,0.214,0.305,0.392,0.697,0.177,4.7,0.261,1,1.5,0.7,0.1,62,-1.3,0.307,99,0.233
2023,"Mike Yastrzemski","SFG",106,330,77,38,23,1,15,54,43,45,3,99,3,1,2,5,2,2,381,0.118,0.26,0.45,0.233,0.33,0.445,0.775,0.212,3.5,0.286,1,0.3,0.6,-1.1,51,4.6,0.333,111,0.231
2021,"Mike Zunino","TBR",109,333,72,26,11,2,33,64,62,34,0,132,7,1,0,7,0,0,375,0.091,0.352,0.26,0.216,0.301,0.559,0.86,0.342,3.7,0.231,0.9,-0.1,0,-0.2,59,13.7,0.358,133,0.148
2022,"Mike Zunino","TBR",36,115,17,9,3,0,5,7,16,6,0,46,1,1,0,2,0,0,123,0.049,0.374,0.13,0.148,0.195,0.304,0.499,0.157,0.2,0.185,0,0.1,0.1,-0.1,5,-8.9,0.219,41,0.177
2023,"Miles Mastrobuoni","CHC",61,133,32,26,5,0,1,24,5,13,0,32,0,0,3,1,13,1,149,0.087,0.215,0.41,0.241,0.308,0.301,0.609,0.06,7,0.31,1.1,0.6,-0.1,1.9,13,-5.3,0.275,72,0.194
2021,"Mitch Haniger","SEA",157,620,157,93,23,2,39,110,100,54,2,169,9,8,0,12,1,0,691,0.078,0.245,0.32,0.253,0.318,0.485,0.804,0.232,3.5,0.281,-1.4,0.3,-1.9,-0.3,98,14.5,0.34,120,0.246
2022,"Mitch Haniger","SEA",57,224,55,36,8,0,11,31,34,20,1,65,1,2,0,7,0,0,247,0.081,0.263,0.31,0.246,0.308,0.429,0.736,0.183,1.5,0.293,0,-0.7,-0.3,-0.2,30,1.8,0.319,114,0.209
2023,"Mitch Haniger","SFG",61,211,44,24,13,1,6,27,28,15,0,65,2,1,0,7,1,0,229,0.066,0.284,0.23,0.209,0.266,0.365,0.631,0.156,4.3,0.27,0.5,0.1,-0.6,-0.1,20,-8.4,0.274,72,0.208
2020,"Mookie Betts","LAD",55,219,64,38,9,1,16,47,39,24,1,38,2,1,0,2,10,2,246,0.098,0.154,0.63,0.292,0.366,0.562,0.927,0.269,6.4,0.289,2,0.4,1.4,0.9,45,14.5,0.39,147,0.264
2021,"Mookie Betts","LAD",122,466,123,68,29,3,23,93,58,68,2,86,11,5,0,5,10,5,550,0.124,0.156,0.79,0.264,0.367,0.487,0.854,0.223,5.4,0.276,-1.2,0.6,1.2,-0.6,90,23.2,0.365,131,0.269
2022,"Mookie Betts","LAD",142,572,154,76,40,3,35,117,82,55,0,104,8,4,0,8,12,2,639,0.086,0.163,0.53,0.269,0.34,0.533,0.873,0.264,6,0.272,2.7,0.6,1.1,1,105,32.3,0.373,144,0.307
2023,"Mookie Betts","LAD",152,584,179,99,40,1,39,126,107,96,3,107,8,5,0,5,14,3,693,0.139,0.154,0.9,0.307,0.408,0.579,0.987,0.272,4.5,0.316,2.3,1.2,0.7,0,141,56.5,0.416,165,0.289
2022,"Nelson Velázquez","CHC",77,185,38,22,7,3,6,20,26,19,0,65,2,0,0,5,5,2,206,0.092,0.316,0.29,0.205,0.286,0.373,0.659,0.168,6.3,0.281,0.5,-0.4,1.4,0,21,-3,0.291,89,0.233
2023,"Nelson Velázquez","KCR",40,133,31,13,4,0,14,27,28,11,0,43,2,1,0,2,0,0,147,0.075,0.293,0.26,0.233,0.299,0.579,0.878,0.346,2.4,0.221,0.2,0,0.3,-0.2,24,5.7,0.365,131,0.2
2020,"Nick Ahmed","ARI",57,199,53,37,10,1,5,29,29,18,0,46,0,0,0,3,4,0,217,0.083,0.212,0.39,0.266,0.327,0.402,0.729,0.136,5.5,0.324,1.2,0.3,0.7,0.6,27,-0.3,0.318,96,0.221
2021,"Nick Ahmed","ARI",129,434,96,58,30,3,5,46,38,34,3,104,2,1,2,9,7,2,473,0.072,0.22,0.33,0.221,0.28,0.339,0.619,0.118,5,0.279,0.4,0,0.7,0.2,39,-17.8,0.269,66,0.212
2023,"Nick Ahmed","ARI",72,198,42,29,10,1,2,14,17,12,0,52,0,0,0,0,5,1,210,0.057,0.248,0.23,0.212,0.257,0.303,0.56,0.091,4.8,0.278,-1.5,0.9,0.3,0.3,13,-12.4,0.247,50,0.232
2022,"Nick Fortes","MIA",72,217,50,34,6,1,9,41,24,18,0,45,5,0,0,5,5,3,240,0.075,0.188,0.4,0.23,0.304,0.392,0.696,0.161,5.8,0.252,0.5,-0.1,0.1,-0.4,27,-0.4,0.308,95,0.204
2023,"Nick Fortes","MIA",108,294,60,44,10,0,6,33,26,17,0,59,7,2,3,12,4,2,323,0.053,0.183,0.29,0.204,0.263,0.299,0.562,0.095,3.7,0.234,1.6,-2.5,0.7,-0.6,21,-18.2,0.251,52,0.227
2021,"Nick Maton","PHI",52,117,30,20,7,1,2,16,14,10,0,39,2,1,1,0,2,0,131,0.076,0.298,0.26,0.256,0.323,0.385,0.708,0.128,6.1,0.364,0.6,0.7,0.2,0.3,15,-0.6,0.309,91,0.173
2022,"Nick Pratto","KCR",49,158,29,12,9,1,7,18,20,19,0,66,1,3,1,6,0,0,182,0.104,0.363,0.29,0.184,0.271,0.386,0.657,0.203,2.7,0.25,-1,-0.4,-0.3,-0.1,17,-3.3,0.287,81,0.232
2021,"Nick Senzel","CIN",36,111,28,23,4,0,1,18,8,12,0,16,0,1,0,3,2,5,124,0.097,0.129,0.75,0.252,0.323,0.315,0.638,0.063,3.7,0.284,1.5,0.1,0.9,-1.8,12,-2.9,0.286,72,0.231
2022,"Nick Senzel","CIN",110,373,86,68,13,0,5,45,25,30,0,76,5,1,2,7,8,5,420,0.071,0.181,0.39,0.231,0.296,0.306,0.601,0.075,3.7,0.276,0,-0.1,-1,-0.8,35,-12.7,0.272,67,0.236
2023,"Nick Senzel","CIN",104,301,71,48,10,0,13,49,42,26,0,74,1,2,0,9,6,2,330,0.079,0.224,0.35,0.236,0.297,0.399,0.696,0.163,4.5,0.269,2.6,-1,1.5,-0.2,36,-4.5,0.302,83,0.209
2020,"Nick Solak","TEX",58,209,56,44,10,0,2,27,23,18,0,42,2,4,0,6,7,1,233,0.077,0.18,0.43,0.268,0.326,0.344,0.671,0.077,4.6,0.32,1.7,-0.1,0.1,0.8,25,-4.5,0.297,86,0.242
2020,"Nico Hoerner","CHC",48,108,24,20,4,0,0,19,13,12,0,24,3,2,0,3,3,2,126,0.095,0.19,0.5,0.222,0.312,0.259,0.571,0.037,4.7,0.279,1.2,-0.1,0.2,-0.4,10,-5.8,0.265,63,0.302
2021,"Nico Hoerner","CHC",44,149,45,35,10,0,0,13,16,17,3,25,3,1,0,3,5,3,170,0.1,0.147,0.68,0.302,0.382,0.369,0.751,0.067,3,0.36,-0.4,0.1,0.2,-0.4,23,2.1,0.33,106,0.281
2022,"Nico Hoerner","CHC",135,481,135,98,22,5,10,60,55,28,4,57,6,2,0,11,20,2,517,0.054,0.11,0.49,0.281,0.327,0.41,0.736,0.129,6.4,0.3,0.1,-0.5,0.7,2.7,63,4,0.32,108,0.283
2023,"Nico Hoerner","CHC",150,619,175,135,27,4,9,98,68,49,0,83,14,5,1,12,43,7,688,0.071,0.121,0.59,0.283,0.346,0.383,0.729,0.1,6.8,0.312,4.9,0.7,2.7,4.1,86,2.1,0.322,103,0.273
2023,"Noelvi Marte","CIN",35,114,36,26,7,0,3,15,15,8,0,25,1,0,0,1,6,2,123,0.065,0.203,0.32,0.316,0.366,0.456,0.822,0.14,4.4,0.384,0.3,0.5,-0.3,0.1,19,4,0.357,120,0.21
2020,"Nolan Arenado","COL",48,182,46,29,9,0,8,23,26,15,3,20,0,4,0,7,0,0,201,0.075,0.1,0.75,0.253,0.303,0.434,0.738,0.181,1.3,0.241,0.3,-0.7,-0.8,-0.1,23,-2,0.308,76,0.255
2021,"Nolan Arenado","STL",157,593,151,80,34,3,34,81,105,50,8,96,3,7,0,20,2,0,653,0.077,0.147,0.52,0.255,0.312,0.494,0.807,0.239,3.3,0.249,0.5,-0.9,1.3,0,91,11.6,0.336,112,0.293
2022,"Nolan Arenado","STL",148,557,163,90,42,1,30,73,103,52,3,72,7,4,0,15,5,3,620,0.084,0.116,0.72,0.293,0.358,0.533,0.891,0.241,2.6,0.29,-0.4,-0.4,0.9,-0.8,106,35.1,0.381,149,0.266
2023,"Nolan Arenado","STL",144,560,149,95,26,2,26,71,93,41,5,101,3,8,0,21,3,3,612,0.067,0.165,0.41,0.266,0.315,0.459,0.774,0.193,2.9,0.279,0.2,-1.8,-0.4,-1.7,79,4.5,0.327,107,0.272
2022,"Nolan Gorman","STL",89,283,64,37,13,0,14,44,35,28,0,103,2,0,0,2,1,0,313,0.089,0.329,0.27,0.226,0.3,0.42,0.721,0.194,3,0.301,-0.8,0.8,-1.9,-0.1,37,1.5,0.316,105,0.236
2023,"Nolan Gorman","STL",119,406,96,52,17,0,27,59,76,53,1,148,3,2,0,5,7,2,464,0.114,0.319,0.36,0.236,0.328,0.478,0.805,0.241,3.3,0.296,1,1.9,0.4,-0.3,67,10.1,0.345,118,0.203
2023,"Nolan Jones","COL",106,367,109,63,22,4,20,60,62,53,3,126,3,1,0,1,20,4,424,0.125,0.297,0.42,0.297,0.389,0.542,0.931,0.245,6.6,0.401,-0.3,1.9,0.6,1.4,79,27,0.395,137,0.227
2023,"Nolan Schanuel","LAA",29,109,30,26,3,0,1,19,6,20,1,19,3,0,0,1,0,0,132,0.152,0.144,1.05,0.275,0.402,0.33,0.732,0.055,1.8,0.326,NA,NA,-1.2,-0.4,18,2,0.336,113,0.25
2020,"Nomar Mazara","CHW",42,136,31,24,6,0,1,13,15,10,0,44,3,0,0,0,0,1,149,0.067,0.295,0.23,0.228,0.295,0.294,0.589,0.066,1.9,0.33,0.6,0.6,0,-0.6,12,-6.7,0.267,65,0.212
2021,"Nomar Mazara","DET",50,165,35,25,5,2,3,12,19,15,0,45,0,1,0,4,0,0,181,0.083,0.249,0.33,0.212,0.276,0.321,0.597,0.109,2.7,0.271,-0.1,0.3,0.4,-0.1,14,-7.6,0.264,64,0.264
2021,"Odúbel Herrera","PHI",124,450,117,75,27,2,13,59,51,29,0,77,6,5,1,6,6,1,492,0.059,0.157,0.38,0.26,0.31,0.416,0.726,0.156,4.5,0.285,-0.4,0.3,-0.8,0.4,59,-0.8,0.312,93,0.238
2020,"Omar Narváez","MIL",40,108,19,13,4,0,2,8,10,16,0,39,2,0,0,1,0,0,126,0.127,0.31,0.41,0.176,0.294,0.269,0.562,0.093,0.7,0.254,-0.1,0.2,-0.3,-0.1,10,-6.1,0.262,60,0.266
2021,"Omar Narváez","MIL",123,391,104,73,20,0,11,54,49,41,3,84,7,6,0,13,0,0,445,0.092,0.189,0.49,0.266,0.342,0.402,0.743,0.136,1.5,0.308,-0.8,-1.3,-1.1,-0.4,57,2.9,0.322,100,0.206
2022,"Omar Narváez","MIL",84,262,54,37,12,1,4,21,23,29,1,57,3,1,1,4,0,0,296,0.098,0.193,0.51,0.206,0.292,0.305,0.597,0.099,1.6,0.248,-0.6,0.6,-0.4,-0.3,24,-9.5,0.269,71,0.211
2022,"Oneil Cruz","PIT",87,331,77,43,13,4,17,45,54,28,1,126,1,1,0,3,10,4,361,0.078,0.349,0.22,0.233,0.294,0.45,0.744,0.218,6.4,0.317,0.4,1.5,3.2,0.1,44,3.1,0.32,104,0.259
2020,"Orlando Arcia","MIL",59,173,45,29,10,1,5,22,20,14,0,32,1,1,0,10,2,0,189,0.074,0.169,0.44,0.26,0.317,0.416,0.734,0.156,4.6,0.292,-0.3,-2.9,0.6,0.3,23,-0.4,0.317,97,0.244
2022,"Orlando Arcia","ATL",68,209,51,33,9,0,9,25,30,21,0,51,2,2,0,7,0,0,234,0.09,0.218,0.41,0.244,0.316,0.416,0.733,0.172,1.1,0.278,0.8,-0.7,-0.2,-0.2,29,2.1,0.321,105,0.264
2023,"Orlando Arcia","ATL",139,488,129,87,25,0,17,66,65,39,0,102,3,3,0,14,1,0,533,0.073,0.191,0.38,0.264,0.321,0.42,0.741,0.156,2.3,0.301,0,-1.3,-1.5,-0.8,66,1.3,0.321,100,0.218
2022,"Oswaldo Cabrera","NYY",44,154,38,23,8,1,6,21,19,15,0,44,0,1,1,1,3,2,171,0.088,0.257,0.34,0.247,0.312,0.429,0.74,0.182,4.7,0.305,0.2,0.6,0.6,-0.4,21,1.7,0.322,110,0.211
2023,"Oswaldo Cabrera","NYY",115,298,63,47,11,0,5,35,29,25,1,72,2,2,3,6,8,0,330,0.076,0.218,0.35,0.211,0.275,0.299,0.574,0.087,4.9,0.26,0.3,0.1,-0.9,1,23,-17.2,0.256,59,0.247
2021,"Owen Miller","CLE",60,191,39,27,8,0,4,17,18,9,0,54,1,1,0,7,2,0,202,0.045,0.267,0.17,0.204,0.243,0.309,0.551,0.105,3.5,0.261,-1.3,-1.3,-0.2,0.3,12,-12.3,0.241,51,0.243
2022,"Owen Miller","CLE",130,424,103,70,26,1,6,53,51,32,1,93,7,9,0,8,2,0,472,0.068,0.197,0.34,0.243,0.301,0.351,0.652,0.108,3.6,0.29,1.3,-0.3,1.5,0,45,-8.6,0.287,86,0.261
2020,"Ozzie Albies","ATL",29,118,32,21,5,0,6,21,19,5,0,30,1,0,0,0,3,1,124,0.04,0.242,0.17,0.271,0.306,0.466,0.773,0.195,5.1,0.317,0.5,0.7,0.4,0.1,17,1,0.329,103,0.259
2021,"Ozzie Albies","ATL",156,629,163,86,40,7,30,103,106,47,2,128,3,7,0,4,20,4,686,0.069,0.187,0.37,0.259,0.31,0.488,0.799,0.229,6.8,0.278,4.5,1.9,3.2,1.9,95,12.2,0.336,108,0.247
2022,"Ozzie Albies","ATL",64,247,61,37,16,0,8,36,35,16,0,47,2,4,0,0,3,5,269,0.059,0.175,0.34,0.247,0.294,0.409,0.703,0.162,3.3,0.27,2.1,1,0.7,-1.6,30,-1.1,0.305,94,0.28
2023,"Ozzie Albies","ATL",148,596,167,99,30,5,33,96,109,46,2,107,8,8,0,9,13,1,660,0.07,0.162,0.43,0.28,0.336,0.513,0.849,0.233,5.9,0.289,2.6,0.8,2.3,1,102,21.9,0.358,125,0.251
2023,"Parker Meadows","DET",37,125,29,20,4,2,3,19,13,17,1,37,2,1,0,0,8,1,145,0.117,0.255,0.46,0.232,0.331,0.368,0.699,0.136,8,0.302,1.8,0.8,1,0.9,16,-1.2,0.308,94,0.244
2021,"Patrick Wisdom","CHC",106,338,78,37,13,0,28,54,61,32,1,153,4,0,0,7,4,1,375,0.085,0.408,0.21,0.231,0.305,0.518,0.823,0.287,3.5,0.318,-0.5,-0.2,-0.5,0.1,55,9.9,0.346,117,0.207
2022,"Patrick Wisdom","CHC",134,469,97,44,28,0,25,67,66,53,1,183,9,2,1,8,8,4,534,0.099,0.343,0.29,0.207,0.298,0.426,0.725,0.22,3.7,0.274,0.4,0.6,0.9,-0.4,64,2.8,0.316,106,0.205
2023,"Patrick Wisdom","CHC",97,268,55,23,8,1,23,43,46,30,0,111,2,1,1,4,4,2,302,0.099,0.368,0.27,0.205,0.289,0.5,0.789,0.295,4.5,0.237,0.2,0.6,0.2,-0.5,40,3.7,0.333,110,0.171
2020,"Paul Goldschmidt","STL",58,191,58,39,13,0,6,31,21,37,0,43,1,1,0,4,1,0,231,0.16,0.186,0.86,0.304,0.417,0.466,0.883,0.162,2.5,0.364,0.8,0.3,-1.3,0,42,13.1,0.387,147,0.294
2021,"Paul Goldschmidt","STL",158,603,177,108,36,2,31,102,99,67,2,136,4,5,0,13,12,0,679,0.099,0.2,0.49,0.294,0.365,0.514,0.879,0.221,5,0.331,0.5,0,-0.3,1.8,115,33.2,0.373,136,0.317
2022,"Paul Goldschmidt","STL",151,561,178,102,41,0,35,106,115,79,1,141,5,4,0,7,7,0,651,0.121,0.217,0.56,0.317,0.404,0.578,0.981,0.26,3.6,0.368,0.6,1.8,0.3,0.6,131,56.7,0.419,175,0.268
2023,"Paul Goldschmidt","STL",154,593,159,103,31,0,25,89,80,87,6,161,3,3,0,12,11,2,687,0.127,0.234,0.54,0.268,0.363,0.447,0.81,0.179,3.6,0.327,2.5,0.2,0.3,-0.1,102,18.1,0.35,122,0.245
2021,"Pavin Smith","ARI",145,498,133,91,27,4,11,68,49,42,1,106,4,1,0,11,1,0,545,0.077,0.194,0.4,0.267,0.328,0.404,0.732,0.137,3.6,0.319,-1.6,-0.5,-1.8,-0.3,68,1.7,0.318,98,0.22
2022,"Pavin Smith","ARI",75,245,54,36,9,0,9,24,33,28,1,67,1,3,0,2,1,0,277,0.101,0.242,0.42,0.22,0.3,0.367,0.667,0.147,1.9,0.262,0,0.6,0,-0.1,28,-3.5,0.294,87,0.188
2023,"Pavin Smith","ARI",69,191,36,24,5,0,7,26,30,35,0,45,1,0,0,3,1,1,228,0.154,0.197,0.78,0.188,0.317,0.325,0.642,0.136,2.2,0.209,-0.1,0.2,0.2,-0.7,23,-4.8,0.293,81,0.27
2020,"Pedro Severino","BAL",48,160,40,29,5,1,5,17,21,16,0,40,1,0,1,3,1,0,178,0.09,0.225,0.4,0.25,0.322,0.388,0.71,0.138,3.7,0.304,-0.4,0.1,0.1,0.1,21,-1.2,0.312,94,0.248
2020,"Pete Alonso","NYM",57,208,48,26,6,0,16,31,35,24,4,61,6,1,0,4,1,0,239,0.1,0.255,0.39,0.231,0.326,0.49,0.817,0.26,2.5,0.242,-2.6,0.6,-0.9,0,34,4.5,0.342,120,0.262
2021,"Pete Alonso","NYM",152,561,147,80,27,3,37,81,94,60,6,127,12,4,0,20,3,0,637,0.094,0.199,0.47,0.262,0.344,0.519,0.863,0.257,3.5,0.274,-4.6,-0.6,-2.4,0.1,103,25.4,0.363,131,0.271
2022,"Pete Alonso","NYM",160,597,162,95,27,0,40,95,131,67,16,128,12,9,0,17,5,1,685,0.098,0.187,0.52,0.271,0.352,0.518,0.869,0.246,2.9,0.279,-2.4,0,-2.6,-0.1,109,30.5,0.366,141,0.217
2023,"Pete Alonso","NYM",154,568,123,54,21,2,46,92,118,65,6,151,21,4,0,17,4,1,658,0.099,0.229,0.43,0.217,0.318,0.504,0.821,0.287,3.8,0.205,-0.7,-0.4,0,-0.7,95,14.9,0.346,120,0.24
2021,"Rafael Ortega","CHC",103,296,86,59,14,2,11,44,33,30,1,70,2,0,2,3,12,6,330,0.091,0.212,0.43,0.291,0.36,0.463,0.823,0.172,5.3,0.349,0.2,0.5,0.8,-0.4,51,11,0.355,122,0.241
2022,"Rafael Ortega","CHC",118,316,76,54,14,1,7,35,35,44,2,74,2,7,1,10,12,7,371,0.119,0.199,0.59,0.241,0.331,0.358,0.688,0.117,4.2,0.285,-2.2,-0.5,-2.3,-0.8,41,-1.5,0.305,98,0.219
2020,"Raimel Tapia","COL",51,184,59,48,8,2,1,26,17,14,0,38,2,3,1,3,8,2,206,0.068,0.184,0.37,0.321,0.369,0.402,0.772,0.082,6.4,0.392,2.2,0.5,1.1,0.5,29,3.2,0.338,96,0.273
2021,"Raimel Tapia","COL",133,487,133,99,26,2,6,69,50,40,2,70,1,4,1,8,20,6,533,0.075,0.131,0.57,0.273,0.327,0.372,0.699,0.099,5.5,0.306,2.8,-0.1,4.5,1,60,-4.3,0.305,75,0.265
2020,"Randal Grichuk","TOR",55,216,59,38,9,0,12,38,35,13,1,49,0,2,0,5,1,1,231,0.056,0.212,0.27,0.273,0.312,0.481,0.793,0.208,3.1,0.299,0.6,-0.1,-0.4,-0.4,32,2.8,0.334,108,0.241
2021,"Randal Grichuk","TOR",149,511,123,75,25,1,22,59,81,27,0,114,3,4,0,17,0,3,545,0.05,0.209,0.24,0.241,0.281,0.423,0.703,0.182,2.3,0.266,-1.4,-1.9,0.4,-1.6,59,-6.5,0.3,85,0.259
2022,"Randal Grichuk","COL",141,506,131,88,21,3,19,60,73,24,0,127,6,2,0,12,4,0,538,0.045,0.236,0.19,0.259,0.299,0.425,0.724,0.166,4.4,0.309,-1.3,-0.2,-0.3,0.3,64,2.1,0.315,89,0.308
2023,"Randal Grichuk","COL",64,240,74,46,19,1,8,40,27,18,2,51,4,1,0,6,2,2,263,0.068,0.194,0.35,0.308,0.365,0.496,0.861,0.188,3.7,0.363,-0.6,-0.3,-1.1,-1,43,10.7,0.367,118,0.216
2023,"Randal Grichuk","LAA",54,194,42,21,12,1,8,25,17,11,0,45,2,1,0,5,0,0,208,0.053,0.216,0.24,0.216,0.264,0.412,0.677,0.196,2.9,0.239,0,-0.8,0.6,-0.3,20,-5,0.289,80,0.291
2021,"Reese McGuire","TOR",78,198,50,34,15,0,1,22,10,15,0,44,2,1,1,4,0,0,217,0.069,0.203,0.34,0.253,0.31,0.343,0.654,0.091,1.6,0.318,1.1,-0.1,0.3,-0.2,22,-4.6,0.289,78,0.337
2022,"Reese McGuire","BOS",36,98,33,24,5,1,3,13,12,6,0,23,1,1,1,4,1,0,108,0.056,0.213,0.26,0.337,0.377,0.5,0.877,0.163,4.9,0.411,-0.8,-0.5,-0.8,0.1,18,6,0.379,145,0.225
2022,"Reese McGuire","CHW",53,151,34,25,9,0,0,12,10,6,0,33,2,2,5,2,0,0,166,0.036,0.199,0.18,0.225,0.261,0.285,0.546,0.06,1.4,0.283,-0.8,0.3,-0.6,-0.1,10,-8.9,0.242,53,0.267
2023,"Reese McGuire","BOS",72,187,50,36,12,1,1,15,16,11,0,53,1,1,2,2,2,1,206,0.053,0.257,0.21,0.267,0.31,0.358,0.668,0.091,3.5,0.366,-2.2,0.5,-0.9,-0.4,21,-4.3,0.293,80,0.209
2020,"Rhys Hoskins","PHI",41,151,37,18,9,0,10,35,26,29,0,43,5,0,0,4,1,0,185,0.157,0.232,0.67,0.245,0.384,0.503,0.887,0.258,3.7,0.276,-0.5,0.1,-0.1,0,33,9.8,0.382,139,0.247
2021,"Rhys Hoskins","PHI",107,389,96,40,29,0,27,64,71,47,0,108,5,2,0,7,3,2,443,0.106,0.244,0.44,0.247,0.334,0.53,0.864,0.283,2.8,0.27,-1.4,0.5,-1.6,-0.6,72,18.3,0.364,127,0.246
2022,"Rhys Hoskins","PHI",156,589,145,80,33,2,30,81,79,72,0,169,6,4,0,12,2,1,672,0.107,0.251,0.43,0.246,0.332,0.462,0.794,0.216,2.8,0.292,-2.6,-0.1,-2,-0.7,96,18.9,0.345,123,0.214
2022,"Richie Palacios","CLE",54,112,26,20,6,0,0,7,10,9,1,20,1,1,0,2,2,0,123,0.073,0.163,0.45,0.232,0.293,0.286,0.578,0.054,3.4,0.28,0.1,-0.1,0.1,0.3,9,-5.1,0.258,66,0.258
2023,"Richie Palacios","STL",32,93,24,12,6,0,6,9,16,6,0,11,1,1,1,1,2,0,102,0.059,0.108,0.55,0.258,0.307,0.516,0.823,0.258,3.3,0.234,-0.4,0.5,0.1,0.3,15,2.4,0.346,120,0.223
2022,"Riley Greene","DET",93,376,95,68,18,4,5,46,42,36,0,120,3,3,0,8,1,4,418,0.086,0.287,0.3,0.253,0.321,0.362,0.682,0.109,4.2,0.354,1.8,-0.1,1.1,-1.8,45,-2.3,0.303,98,0.288
2023,"Riley Greene","DET",99,378,109,75,19,4,11,51,37,35,0,114,1,2,0,7,7,0,416,0.084,0.274,0.31,0.288,0.349,0.447,0.796,0.159,6,0.384,0.6,0.3,1.5,0.5,60,9,0.344,119,0.262
2021,"Rob Refsnyder","MIN",51,139,34,25,7,0,2,21,12,17,0,40,0,1,0,4,1,0,157,0.108,0.255,0.43,0.245,0.325,0.338,0.663,0.094,3.5,0.327,-0.1,-0.5,-0.2,0.1,17,-2.4,0.296,88,0.307
2022,"Rob Refsnyder","BOS",57,153,47,30,11,0,6,25,21,15,0,46,6,3,0,1,1,1,177,0.085,0.26,0.33,0.307,0.384,0.497,0.881,0.19,2.6,0.394,1.3,0.8,0.5,-0.4,30,10.1,0.381,146,0.248
2023,"Rob Refsnyder","BOS",89,202,50,39,9,1,1,31,28,33,0,47,5,1,1,8,7,2,243,0.136,0.193,0.7,0.248,0.365,0.317,0.682,0.069,5.4,0.316,-0.4,-1,0.6,0,29,-0.8,0.314,95,0.283
2020,"Robbie Grossman","OAK",51,166,40,18,12,2,8,23,23,21,2,38,5,0,0,1,8,1,192,0.109,0.198,0.55,0.241,0.344,0.482,0.826,0.241,6.8,0.267,0.4,0.6,0.9,1,29,5,0.351,128,0.239
2021,"Robbie Grossman","DET",156,557,133,84,23,3,23,88,67,98,3,155,8,6,2,8,20,5,671,0.146,0.231,0.63,0.239,0.357,0.415,0.772,0.176,5.2,0.286,-0.1,0.8,1.4,1.3,94,12.8,0.337,114,0.217
2022,"Robbie Grossman","ATL",46,138,30,19,6,0,5,16,22,18,0,39,0,1,0,1,3,1,157,0.115,0.248,0.46,0.217,0.306,0.37,0.675,0.152,3.4,0.263,0.6,0.9,0.5,0,17,-1.2,0.3,91,0.205
2022,"Robbie Grossman","DET",83,273,56,40,13,1,2,24,23,38,0,90,6,3,0,2,3,1,320,0.119,0.281,0.42,0.205,0.313,0.282,0.595,0.077,3.4,0.293,-2.3,0.7,-0.5,-0.1,28,-8.8,0.275,78,0.238
2023,"Robbie Grossman","TEX",115,353,84,50,23,1,10,56,49,57,0,98,2,8,0,8,1,0,420,0.136,0.233,0.58,0.238,0.34,0.394,0.734,0.156,3.3,0.292,1.6,0.3,-0.3,-0.6,53,1.4,0.323,106,0.238
2021,"Robinson Chirinos","CHC",45,97,22,11,5,1,5,13,15,9,0,36,5,0,1,2,0,0,112,0.08,0.321,0.25,0.227,0.324,0.454,0.778,0.227,3.4,0.304,-0.7,-0.4,-0.6,-0.1,16,2,0.336,110,0.179
2022,"Rodolfo Castro","PIT",71,253,59,36,8,4,11,25,27,22,0,74,2,1,0,6,5,3,278,0.079,0.266,0.3,0.233,0.299,0.427,0.725,0.194,5.3,0.284,0.6,0.1,0.9,-0.4,33,1.3,0.315,100,0.228
2022,"Romy Gonzalez","CHW",32,105,25,18,4,1,2,15,11,2,0,39,1,1,0,3,0,1,109,0.018,0.358,0.05,0.238,0.257,0.352,0.609,0.114,5,0.354,-0.2,0.1,0,-0.5,9,-3.9,0.264,69,0.266
2020,"Ronald Acuña Jr.","ATL",46,160,40,15,11,0,14,46,29,38,2,60,4,0,0,3,8,1,202,0.188,0.297,0.63,0.25,0.406,0.581,0.987,0.331,5.9,0.302,0.9,0.3,0.7,1,41,15.9,0.413,158,0.283
2021,"Ronald Acuña Jr.","ATL",82,297,84,40,19,1,24,72,52,49,2,85,9,5,0,0,17,6,360,0.136,0.236,0.58,0.283,0.394,0.596,0.99,0.313,6.1,0.311,2.2,1,2.2,0.6,73,29.1,0.412,157,0.266
2022,"Ronald Acuña Jr.","ATL",119,467,124,85,24,0,15,71,50,53,4,126,10,3,0,8,29,11,533,0.099,0.236,0.42,0.266,0.351,0.413,0.764,0.148,4.9,0.331,4.3,-0.3,2.9,0.8,72,10.9,0.335,115,0.337
2023,"Ronald Acuña Jr.","ATL",159,643,217,137,35,4,41,149,106,80,3,84,9,3,0,15,73,14,735,0.109,0.114,0.95,0.337,0.416,0.596,1.012,0.258,7.3,0.338,2.2,-1.6,1.9,7,156,66.7,0.428,171,0.25
2020,"Rougned Odor","TEX",38,138,23,9,4,0,10,15,30,7,0,47,1,2,0,2,0,1,148,0.047,0.318,0.15,0.167,0.209,0.413,0.623,0.246,1.8,0.157,0.4,-0.1,0.4,-0.5,11,-7.6,0.259,60,0.202
2021,"Rougned Odor","NYY",102,322,65,38,12,0,15,42,39,27,2,100,11,0,1,3,0,1,361,0.075,0.277,0.27,0.202,0.286,0.379,0.665,0.177,2,0.242,1.3,1,1.2,-0.7,36,-7.4,0.289,84,0.207
2022,"Rougned Odor","BAL",135,426,88,53,19,3,13,49,53,32,1,109,10,4,0,9,6,1,472,0.068,0.231,0.29,0.207,0.275,0.357,0.632,0.15,5.1,0.244,0.7,0.3,0.4,0.4,42,-11.8,0.278,81,0.203
2020,"Rowdy Tellez","TOR",35,113,32,19,5,0,8,20,23,11,1,20,1,2,0,1,0,1,127,0.087,0.157,0.55,0.283,0.346,0.54,0.886,0.257,2.2,0.276,-2.1,0.3,0,-0.5,21,5.3,0.369,132,0.272
2021,"Rowdy Tellez","MIL",56,158,43,25,10,1,7,22,28,14,3,32,1,1,0,3,0,0,174,0.08,0.184,0.44,0.272,0.333,0.481,0.814,0.209,2.6,0.3,0,0.2,0,-0.1,25,3.8,0.341,112,0.209
2021,"Rowdy Tellez","TOR",50,139,29,20,4,1,4,12,8,9,1,33,3,0,0,3,0,0,151,0.06,0.219,0.27,0.209,0.272,0.338,0.61,0.129,2.2,0.245,0,-0.3,0,-0.1,12,-6.1,0.266,62,0.219
2022,"Rowdy Tellez","MIL",153,529,116,58,23,0,35,67,89,62,9,121,5,3,0,20,2,1,599,0.104,0.202,0.51,0.219,0.306,0.461,0.767,0.242,1.8,0.215,-4.3,-1.8,-4.4,-0.5,77,8.2,0.327,110,0.215
2023,"Rowdy Tellez","MIL",106,311,67,44,9,1,13,26,47,35,2,86,0,5,0,11,0,0,351,0.1,0.245,0.41,0.215,0.291,0.376,0.667,0.161,1.2,0.249,-1.9,-1.5,-1.5,-0.6,34,-8.8,0.288,79,0.243
2021,"Ryan Jeffers","MIN",85,267,53,28,10,1,14,28,35,22,0,108,4,0,0,6,0,1,293,0.075,0.369,0.2,0.199,0.27,0.401,0.67,0.202,2.3,0.269,-1.8,0.1,-0.7,-0.6,29,-6.1,0.289,83,0.208
2022,"Ryan Jeffers","MIN",67,212,44,26,10,1,7,25,27,23,0,62,0,0,1,6,0,0,236,0.097,0.263,0.37,0.208,0.285,0.363,0.648,0.156,2.4,0.259,-0.2,-0.9,0.2,-0.2,23,-4.2,0.287,86,0.276
2023,"Ryan Jeffers","MIN",96,286,79,48,15,2,14,46,43,33,1,93,10,2,4,6,3,2,335,0.099,0.278,0.35,0.276,0.369,0.49,0.858,0.213,4.4,0.359,-0.9,0,-1.1,-0.9,55,14.1,0.369,136,0.226
2021,"Ryan McKenna","BAL",90,169,31,22,6,1,2,20,14,24,0,74,2,0,2,1,1,0,197,0.122,0.376,0.32,0.183,0.292,0.266,0.559,0.083,4.5,0.312,1,0.6,1.7,0,15,-9.1,0.259,59,0.237
2022,"Ryan McKenna","BAL",105,156,37,25,10,0,2,23,11,11,1,55,2,1,2,3,2,1,172,0.064,0.32,0.2,0.237,0.294,0.34,0.634,0.103,4.1,0.35,2.7,0.2,1.2,-0.2,15,-4.2,0.279,81,0.254
2020,"Ryan McMahon","COL",52,172,37,21,6,1,9,23,26,18,0,66,2,1,0,4,0,1,193,0.093,0.342,0.27,0.215,0.295,0.419,0.714,0.203,3.1,0.286,1.2,0,0.7,-0.6,22,-2,0.308,76,0.254
2021,"Ryan McMahon","COL",151,528,134,78,32,1,23,80,86,59,2,147,4,5,0,14,6,2,596,0.099,0.247,0.4,0.254,0.331,0.449,0.779,0.195,3.8,0.306,-0.3,-1.2,-1.2,-0.1,82,9.6,0.334,93,0.246
2022,"Ryan McMahon","COL",153,529,130,84,23,3,20,67,67,60,0,158,5,3,0,7,7,3,597,0.101,0.265,0.38,0.246,0.327,0.414,0.741,0.168,4.2,0.311,1.6,0.9,1.2,-0.4,76,7.6,0.326,97,0.24
2023,"Ryan McMahon","COL",152,555,133,76,31,3,23,80,70,68,2,198,1,3,0,19,5,5,627,0.108,0.316,0.34,0.24,0.322,0.431,0.753,0.191,3.9,0.326,-1.6,-2.1,-0.8,-2.2,80,3.4,0.325,90,0.242
2020,"Ryan Mountcastle","BAL",35,126,42,32,5,0,5,12,23,11,0,30,1,2,0,2,0,1,140,0.079,0.214,0.37,0.333,0.386,0.492,0.878,0.159,0.8,0.398,-0.7,0.2,0.2,-0.6,24,6.7,0.377,139,0.255
2021,"Ryan Mountcastle","BAL",144,534,136,79,23,1,33,77,89,41,2,161,4,7,0,12,4,3,586,0.07,0.275,0.25,0.255,0.309,0.487,0.796,0.232,3.2,0.297,0.2,-0.5,0.5,-0.9,81,10,0.335,111,0.25
2022,"Ryan Mountcastle","BAL",145,555,139,88,28,1,22,62,85,43,1,154,4,7,0,12,4,1,609,0.071,0.253,0.28,0.25,0.305,0.423,0.729,0.173,3,0.303,1.7,-0.8,0.5,-0.2,73,3,0.316,107,0.27
2023,"Ryan Mountcastle","BAL",115,423,114,74,21,1,18,64,68,37,1,107,3,7,0,13,3,1,470,0.079,0.228,0.35,0.27,0.328,0.452,0.779,0.182,3.5,0.315,2,-0.4,1.4,-0.7,63,5.8,0.333,113,0.271
2022,"Sam Haggerty","SEA",83,176,45,30,9,1,5,29,23,18,3,53,4,2,1,4,13,1,201,0.09,0.264,0.34,0.256,0.335,0.403,0.738,0.148,7.4,0.333,0.1,0.1,0.9,2,25,1.6,0.32,115,0.253
2020,"Sam Hilliard","COL",36,105,22,12,2,2,6,13,10,9,0,42,0,0,0,0,3,0,114,0.079,0.368,0.21,0.21,0.272,0.438,0.71,0.229,7.1,0.281,0.9,0.5,0.8,0.5,13,-1.8,0.301,72,0.215
2021,"Sam Hilliard","COL",81,214,46,23,7,2,14,32,34,23,3,87,1,0,0,0,5,0,238,0.097,0.366,0.26,0.215,0.294,0.463,0.757,0.248,6.6,0.283,0.4,1.3,0.9,0.8,29,0.7,0.318,83,0.184
2022,"Sam Hilliard","COL",70,174,32,23,6,1,2,26,14,23,0,57,1,2,0,2,5,1,200,0.115,0.285,0.4,0.184,0.28,0.264,0.544,0.08,6.3,0.256,0.8,0.6,0.5,0.4,14,-9.3,0.251,46,0.239
2021,"Santiago Espinal","TOR",92,222,69,53,13,1,2,32,17,22,0,30,1,0,1,4,6,1,246,0.089,0.122,0.73,0.311,0.376,0.405,0.781,0.095,5,0.353,1.9,-0.1,1.2,0.5,36,6,0.344,115,0.267
2022,"Santiago Espinal","TOR",135,449,120,88,25,0,7,51,51,36,1,68,2,3,1,12,6,6,491,0.073,0.138,0.53,0.267,0.322,0.37,0.692,0.102,2.7,0.3,0.9,-0.7,0.6,-1.7,54,-1.7,0.305,100,0.248
2023,"Santiago Espinal","TOR",93,230,57,41,14,0,2,30,25,18,1,36,3,1,2,5,2,1,254,0.071,0.142,0.5,0.248,0.31,0.335,0.644,0.087,3.3,0.285,0.6,0.3,-0.3,-0.5,24,-7,0.285,79,0.246
2022,"Seiya Suzuki","CHC",111,397,104,66,22,2,14,54,46,42,3,110,4,3,0,8,9,5,446,0.094,0.247,0.38,0.262,0.336,0.433,0.77,0.171,4.5,0.326,0.3,-0.1,0.2,-0.6,60,8.7,0.334,118,0.285
2023,"Seiya Suzuki","CHC",138,515,147,90,31,6,20,75,74,59,3,130,2,7,0,8,6,7,583,0.101,0.223,0.45,0.285,0.357,0.485,0.842,0.2,4.5,0.341,-1.5,1,1,-2.9,90,19.4,0.358,127,0.283
2021,"Sergio Alcántara","CHC",89,220,45,31,6,3,5,30,17,30,2,74,2,2,1,3,3,0,255,0.118,0.29,0.41,0.205,0.303,0.327,0.63,0.123,6.2,0.28,0.1,0.2,0.7,0.4,23,-7.5,0.279,73,0.241
2021,"Seth Brown","OAK",111,281,60,26,13,1,20,43,48,23,2,89,1,2,0,1,4,1,307,0.075,0.29,0.26,0.214,0.274,0.48,0.754,0.267,5,0.23,-1.8,1.6,-1.6,0.2,37,0,0.315,104,0.23
2022,"Seth Brown","OAK",150,500,115,61,26,3,25,55,73,51,3,146,3,1,0,7,11,2,555,0.092,0.263,0.35,0.23,0.305,0.444,0.749,0.214,4.7,0.273,0.1,1.4,-0.1,0.9,69,6,0.323,115,0.222
2023,"Seth Brown","OAK",112,343,76,42,19,1,14,33,52,30,1,101,2,2,1,6,3,1,378,0.079,0.267,0.3,0.222,0.286,0.405,0.692,0.184,3.2,0.27,-1.9,0.5,-2.2,-0.4,40,-6.5,0.298,91,0.231
2022,"Shea Langeliers","OAK",40,142,31,14,10,1,6,14,22,9,0,53,0,2,0,4,0,0,153,0.059,0.346,0.17,0.218,0.261,0.43,0.691,0.211,2.5,0.294,-0.1,-0.1,-0.2,-0.1,16,-1.7,0.296,95,0.205
2023,"Shea Langeliers","OAK",135,448,92,47,19,4,22,52,63,34,2,143,5,2,1,10,3,2,490,0.069,0.292,0.24,0.205,0.268,0.413,0.681,0.208,4.4,0.246,-1.5,0.1,1,-0.9,48,-11.4,0.29,86,0.224
2020,"Shogo Akiyama","CIN",54,155,38,31,6,1,0,16,9,25,0,34,2,0,0,1,7,3,183,0.137,0.186,0.74,0.245,0.357,0.297,0.654,0.052,5,0.314,-0.3,0.6,0.3,-0.1,20,-2.5,0.304,81,0.204
2022,"Spencer Steer","CIN",28,95,20,13,5,0,2,12,8,11,0,26,2,0,0,2,0,1,108,0.102,0.241,0.42,0.211,0.306,0.326,0.632,0.116,2.3,0.269,0.3,0.2,0.2,-0.5,10,-2,0.287,77,0.271
2023,"Spencer Steer","CIN",156,582,158,95,37,3,23,74,86,68,0,139,11,4,0,9,15,3,665,0.102,0.209,0.49,0.271,0.356,0.464,0.82,0.192,4.7,0.318,0.4,0.9,-0.9,0.4,101,20.1,0.355,118,0.225
2022,"Spencer Torkelson","DET",110,360,73,48,16,1,8,38,28,37,0,99,5,2,0,12,0,1,404,0.092,0.245,0.37,0.203,0.285,0.319,0.604,0.117,2.4,0.255,-1.2,-1.2,-1,-0.8,34,-12.1,0.272,76,0.233
2023,"Spencer Torkelson","DET",159,606,141,75,34,1,31,88,94,67,1,171,6,5,0,15,3,0,684,0.098,0.25,0.39,0.233,0.313,0.446,0.758,0.213,3.3,0.269,1.7,-0.5,0.6,-0.5,88,4.2,0.326,106,0.219
2020,"Starling Marte","ARI",33,122,38,27,8,1,2,23,14,10,1,19,5,1,0,3,5,2,138,0.072,0.138,0.53,0.311,0.384,0.443,0.827,0.131,6.3,0.353,1.6,-0.3,1.1,0,22,4.6,0.359,123,0.245
2020,"Starling Marte","MIA",28,106,26,16,6,0,4,13,13,2,0,22,4,0,0,2,5,0,112,0.018,0.196,0.09,0.245,0.286,0.415,0.701,0.17,6,0.275,-0.1,0,-0.4,0.9,12,-1.7,0.302,89,0.316
2021,"Starling Marte","OAK",56,234,74,51,16,2,5,37,30,11,0,42,5,1,0,4,25,2,251,0.044,0.167,0.26,0.316,0.359,0.466,0.824,0.15,8.1,0.367,1.9,0.5,1.5,3.9,39,8.4,0.355,131,0.305
2021,"Starling Marte","MIA",64,233,71,52,11,1,7,52,25,32,2,57,8,1,1,2,22,3,275,0.116,0.207,0.56,0.305,0.405,0.451,0.856,0.146,7.4,0.376,2,1.1,1.9,2.8,47,13.4,0.373,133,0.292
2022,"Starling Marte","NYM",118,466,136,91,24,5,16,76,63,26,0,97,13,0,0,18,18,9,505,0.051,0.192,0.27,0.292,0.347,0.468,0.814,0.176,6.5,0.34,2,-1.7,0.8,-0.5,76,18,0.355,133,0.248
2023,"Starling Marte","NYM",86,315,78,65,7,1,5,38,28,16,1,69,8,0,2,8,24,4,341,0.047,0.202,0.23,0.248,0.301,0.324,0.625,0.076,6.6,0.303,1.6,0.1,1.2,2.4,30,-11.5,0.278,75,0.269
2020,"Stephen Piscotty","OAK",45,159,36,25,6,0,5,17,29,9,0,53,1,1,1,4,4,0,171,0.053,0.31,0.17,0.226,0.271,0.358,0.629,0.132,4.5,0.304,0.9,-0.2,0.2,0.7,15,-6.8,0.273,75,0.22
2021,"Stephen Piscotty","OAK",72,173,38,25,8,0,5,14,16,13,0,48,2,0,0,2,1,0,188,0.069,0.255,0.27,0.22,0.282,0.353,0.635,0.133,2.2,0.275,-1.2,0.1,-0.4,0.1,17,-5.6,0.279,79,0.19
2021,"Stephen Vogt","ARI",52,132,28,16,6,1,5,17,17,18,1,36,0,0,1,2,0,0,151,0.119,0.238,0.5,0.212,0.307,0.386,0.693,0.174,2.8,0.253,-0.4,0.2,-0.1,-0.1,17,-1.7,0.301,86,0.161
2022,"Steven Kwan","CLE",147,563,168,130,25,7,6,89,52,62,2,60,7,4,2,9,19,5,638,0.097,0.094,1.03,0.298,0.373,0.4,0.772,0.101,6.2,0.323,2.8,1.1,5,1,89,16,0.341,125,0.268
2023,"Steven Kwan","CLE",158,638,171,123,36,7,5,93,54,70,2,75,3,6,1,9,21,3,718,0.097,0.104,0.93,0.268,0.34,0.37,0.71,0.102,6.3,0.294,0,0.1,2.9,1.4,84,-3.2,0.313,99,0.292
2023,"Stuart Fairchild","CIN",97,219,50,27,16,2,5,34,28,25,0,69,6,2,3,2,10,3,255,0.098,0.271,0.36,0.228,0.321,0.388,0.71,0.16,7,0.306,1.3,0.7,1.6,0.3,30,-1.3,0.312,90,0.215
2022,"TJ Friedl","CIN",72,225,54,31,10,5,8,33,25,20,0,40,7,6,0,3,7,2,258,0.078,0.155,0.5,0.24,0.314,0.436,0.75,0.196,7.2,0.251,0.5,0,0.2,0.4,32,2.8,0.323,102,0.279
2023,"TJ Friedl","CIN",138,488,136,88,22,8,18,73,66,47,1,90,10,3,8,0,27,6,556,0.085,0.162,0.52,0.279,0.352,0.467,0.819,0.189,7.2,0.308,4.1,3.2,4.3,1.8,84,15.8,0.353,117,0.226
2021,"Taylor Trammell","SEA",51,156,25,10,7,0,8,23,18,17,0,75,3,0,2,1,2,3,178,0.096,0.421,0.23,0.16,0.256,0.359,0.615,0.199,3.7,0.233,0.4,0.6,0.6,-1,15,-6.6,0.27,73,0.196
2021,"Taylor Walls","TBR",54,152,32,21,10,0,1,15,15,23,0,49,0,0,1,3,4,2,176,0.131,0.278,0.47,0.211,0.314,0.296,0.61,0.086,3.3,0.304,0.1,0.1,0.9,-0.2,16,-5.2,0.279,79,0.172
2022,"Taylor Walls","TBR",142,407,70,42,18,2,8,53,33,52,0,120,2,2,2,6,10,3,466,0.112,0.258,0.43,0.172,0.268,0.285,0.553,0.113,5.5,0.221,2.5,0.3,2.8,0.4,32,-21.2,0.252,65,0.201
2023,"Taylor Walls","TBR",99,303,61,39,12,2,8,50,36,44,0,92,1,0,1,1,22,1,349,0.126,0.264,0.48,0.201,0.305,0.333,0.638,0.132,7.6,0.261,1.4,1.8,1.5,3.3,33,-9.1,0.287,84,0.183
2020,"Taylor Ward","LAA",34,94,26,18,6,2,0,16,5,8,0,28,0,0,0,1,2,0,102,0.078,0.275,0.29,0.277,0.333,0.383,0.716,0.106,7.7,0.394,1.5,0.3,0.7,0.3,12,-0.5,0.314,96,0.25
2021,"Taylor Ward","LAA",65,208,52,29,15,0,8,33,33,20,0,55,6,1,2,4,1,1,237,0.084,0.232,0.36,0.25,0.332,0.438,0.769,0.188,2.8,0.301,0.1,-0.1,0.7,-0.4,32,3.7,0.333,110,0.281
2022,"Taylor Ward","LAA",135,495,139,92,22,2,23,73,65,60,0,120,4,5,0,5,5,3,564,0.106,0.213,0.5,0.281,0.36,0.473,0.833,0.192,3.4,0.325,0.3,1.2,-1.8,-0.8,88,23.4,0.362,136,0.253
2023,"Taylor Ward","LAA",97,356,90,58,18,0,14,60,47,39,0,80,8,6,0,9,4,2,409,0.095,0.196,0.49,0.253,0.335,0.421,0.756,0.169,3.6,0.284,0.3,-0.5,-0.9,-0.9,53,3.6,0.329,108,0.246
2020,"Teoscar Hernández","TOR",50,190,55,32,7,0,16,33,34,14,0,63,1,1,0,4,6,1,207,0.068,0.304,0.22,0.289,0.34,0.579,0.919,0.289,4.5,0.348,0.5,-0.1,0.2,0.6,37,11.2,0.384,142,0.296
2021,"Teoscar Hernández","TOR",143,550,163,102,29,0,32,92,116,36,1,148,7,2,0,5,12,4,595,0.061,0.249,0.24,0.296,0.346,0.524,0.87,0.227,4.1,0.352,0.3,1.8,1.2,0.2,99,26.8,0.369,132,0.267
2022,"Teoscar Hernández","TOR",131,499,133,72,35,1,25,71,77,34,0,152,2,0,0,18,6,3,535,0.064,0.284,0.22,0.267,0.316,0.491,0.807,0.224,3.8,0.335,0.2,-2.3,1,-0.4,77,16.2,0.348,130,0.258
2023,"Teoscar Hernández","SEA",160,625,161,104,29,2,26,70,93,38,2,211,8,7,0,6,7,2,678,0.056,0.311,0.18,0.258,0.305,0.435,0.741,0.178,3.7,0.342,-4.1,1.8,-3.8,-0.6,82,-1.1,0.317,107,0.272
2021,"Thairo Estrada","SFG",52,121,33,22,4,0,7,19,22,9,1,23,2,0,0,2,1,0,132,0.068,0.174,0.39,0.273,0.333,0.479,0.813,0.207,3.4,0.286,0.9,0.3,0.6,0.1,19,3.5,0.346,119,0.26
2022,"Thairo Estrada","SFG",140,488,127,89,22,2,14,71,62,33,0,89,14,5,1,10,21,6,541,0.061,0.165,0.37,0.26,0.322,0.4,0.722,0.139,5.8,0.29,0.8,0.3,0.1,1.3,65,3.3,0.317,106,0.271
2023,"Thairo Estrada","SFG",120,495,134,92,26,2,14,63,49,22,1,120,11,2,0,10,23,7,530,0.042,0.226,0.18,0.271,0.315,0.416,0.731,0.145,5.7,0.331,3,1.1,1.2,0.7,64,-0.9,0.316,100,0.217
2020,"Tommy Edman","STL",55,204,51,38,7,1,5,29,26,16,0,48,5,2,0,5,2,4,227,0.07,0.211,0.33,0.25,0.317,0.368,0.685,0.118,4,0.301,1,0.2,1.1,-1.5,25,-3.5,0.302,90,0.262
2021,"Tommy Edman","STL",159,641,168,113,41,3,11,91,56,38,1,95,6,4,2,4,30,5,691,0.055,0.137,0.4,0.262,0.308,0.387,0.695,0.125,6.3,0.291,3,1.6,3.2,3.4,76,-7.8,0.301,89,0.265
2022,"Tommy Edman","STL",153,577,153,105,31,4,13,95,57,46,2,111,5,1,1,10,32,3,630,0.073,0.176,0.41,0.265,0.324,0.4,0.725,0.135,7.2,0.308,3.8,0,2.6,4.6,76,3.9,0.318,106,0.248
2023,"Tommy Edman","STL",137,479,119,77,25,4,13,69,47,35,1,84,7,4,3,9,27,4,528,0.066,0.159,0.42,0.248,0.307,0.399,0.705,0.15,7,0.275,-1.2,0.2,0,2.8,59,-5.6,0.306,92,0.237
2020,"Tommy La Stella","OAK",27,97,28,19,6,2,1,16,11,12,0,5,1,1,0,3,0,0,111,0.108,0.045,2.4,0.289,0.369,0.423,0.792,0.134,4.2,0.293,-0.3,-0.4,0.1,-0.1,16,2.5,0.346,125,0.273
2020,"Tommy La Stella","LAA",28,99,27,15,8,0,4,15,14,15,0,7,1,1,1,3,1,0,117,0.128,0.06,2.14,0.273,0.371,0.475,0.845,0.202,3.2,0.258,-1.3,-0.2,0.1,0.1,19,4.4,0.364,131,0.25
2021,"Tommy La Stella","SFG",76,220,55,36,11,1,7,26,27,18,1,26,1,1,0,4,0,0,242,0.074,0.107,0.69,0.25,0.308,0.405,0.713,0.155,2.1,0.255,-0.7,-0.2,-0.4,-0.2,28,-1.5,0.307,94,0.239
2020,"Tony Kemp","OAK",49,93,23,18,5,0,0,15,4,15,0,14,3,2,1,0,3,1,114,0.132,0.123,1.07,0.247,0.363,0.301,0.664,0.054,4.4,0.284,1.1,0.6,0.7,0.1,13,-1.2,0.307,99,0.279
2021,"Tony Kemp","OAK",131,330,92,65,16,3,8,54,37,52,0,51,6,5,4,2,8,2,397,0.131,0.128,1.02,0.279,0.382,0.418,0.8,0.139,5.4,0.304,1.8,1.7,1.7,0.3,60,12.1,0.351,128,0.235
2022,"Tony Kemp","OAK",147,497,117,84,24,2,7,61,46,45,0,69,8,3,5,5,11,1,558,0.081,0.124,0.65,0.235,0.307,0.334,0.641,0.099,5.1,0.259,2,0.9,1.6,1.2,54,-9.9,0.287,90,0.209
2021,"Travis Jankowski","PHI",76,131,33,24,6,2,1,24,10,22,4,29,1,0,2,1,5,0,157,0.14,0.185,0.76,0.252,0.364,0.351,0.715,0.099,7.7,0.317,-0.7,0.5,1.3,0.9,19,-0.3,0.312,93,0.263
2023,"Travis Jankowski","TEX",107,247,65,51,12,1,1,34,30,35,0,42,2,2,1,6,19,1,287,0.122,0.146,0.83,0.263,0.357,0.332,0.689,0.069,6.3,0.311,-2.9,0.6,0.2,2.7,34,-1.4,0.312,99,0.2
2020,"Travis Shaw","TOR",50,163,39,23,10,0,6,17,17,16,0,50,0,1,0,4,0,0,180,0.089,0.278,0.32,0.239,0.306,0.411,0.717,0.172,0.9,0.306,-3.1,0.3,-3.2,-0.1,21,-1.5,0.31,91,0.191
2020,"Travis d'Arnaud","ATL",44,165,53,36,8,0,9,19,34,16,0,50,2,1,0,8,1,0,184,0.087,0.272,0.32,0.321,0.386,0.533,0.919,0.212,2,0.411,-0.7,-1.5,-0.1,0,34,11.2,0.392,144,0.22
2021,"Travis d'Arnaud","ATL",60,209,46,25,14,0,7,21,26,17,0,53,2,1,0,7,0,0,229,0.074,0.231,0.32,0.22,0.284,0.388,0.671,0.167,1.1,0.26,0,-0.9,0.1,-0.2,23,-4.5,0.291,79,0.268
2022,"Travis d'Arnaud","ATL",107,396,106,62,25,1,18,61,60,19,0,90,11,0,0,12,0,0,426,0.045,0.211,0.21,0.268,0.319,0.472,0.791,0.205,2.5,0.306,-1.8,-1.4,-1.7,-0.4,60,11.4,0.343,121,0.225
2023,"Travis d'Arnaud","ATL",74,267,60,36,13,0,11,31,39,21,0,67,3,1,0,6,0,0,292,0.072,0.229,0.31,0.225,0.288,0.397,0.685,0.172,1.3,0.258,-0.4,-0.2,-0.8,-0.5,30,-5.1,0.297,84,0.238
2020,"Trea Turner","WSN",59,233,78,47,15,4,12,46,41,22,0,36,2,2,0,5,12,4,259,0.085,0.139,0.61,0.335,0.394,0.588,0.982,0.253,7.3,0.353,2.8,-0.8,1.9,0.4,53,20.3,0.413,159,0.338
2021,"Trea Turner","LAD",52,207,70,43,17,0,10,41,28,15,2,33,2,2,0,5,11,2,226,0.066,0.146,0.45,0.338,0.385,0.565,0.95,0.227,5.5,0.361,2.1,-0.5,1.6,1.2,43,15.8,0.399,153,0.322
2021,"Trea Turner","WSN",96,388,125,87,17,3,18,66,49,26,0,77,4,2,0,13,21,3,420,0.062,0.183,0.34,0.322,0.369,0.521,0.89,0.198,6.5,0.363,1.2,-1.5,2.3,2.5,73,22.5,0.379,137,0.298
2022,"Trea Turner","LAD",160,652,194,130,39,4,21,101,100,45,1,131,3,6,0,9,27,3,708,0.064,0.185,0.34,0.298,0.343,0.466,0.809,0.169,6.4,0.342,1.7,1.3,3.1,3.5,103,22.4,0.35,128,0.266
2023,"Trea Turner","PHI",155,639,170,104,35,5,26,102,76,45,2,150,6,1,0,12,30,0,691,0.065,0.217,0.3,0.266,0.32,0.459,0.778,0.192,7.4,0.31,2.7,-0.2,4.6,4.8,93,8.5,0.333,107,0.295
2021,"Trevor Larnach","MIN",79,260,58,39,12,0,7,29,28,31,0,104,8,2,0,3,1,0,301,0.103,0.346,0.3,0.223,0.322,0.35,0.672,0.127,2.3,0.338,-2.3,1,-2.1,-0.1,33,-3.5,0.3,91,0.231
2022,"Trevor Larnach","MIN",51,160,37,19,13,0,5,22,18,18,1,57,0,2,0,1,0,0,180,0.1,0.317,0.32,0.231,0.306,0.406,0.712,0.175,1.6,0.32,0.2,0.5,0.6,-0.1,20,-0.1,0.309,101,0.213
2023,"Trevor Larnach","MIN",58,183,39,21,7,3,8,26,40,27,1,72,0,2,0,2,1,1,212,0.127,0.34,0.38,0.213,0.311,0.415,0.727,0.202,4.8,0.295,0.6,0.6,0.8,-0.6,25,-0.9,0.313,97,0.259
2020,"Trevor Story","COL",59,235,68,40,13,4,11,41,28,24,1,63,0,0,0,5,15,3,259,0.093,0.243,0.38,0.289,0.355,0.519,0.874,0.23,8,0.354,1.5,1,1.5,1.5,43,11,0.37,117,0.251
2021,"Trevor Story","COL",142,526,132,69,34,5,24,88,75,53,2,139,11,5,0,7,20,6,595,0.089,0.234,0.38,0.251,0.329,0.471,0.801,0.221,6.7,0.293,3.9,1.5,0.9,1,85,13,0.341,98,0.238
2022,"Trevor Story","BOS",94,357,85,47,22,0,16,53,66,32,4,122,3,4,0,9,13,0,396,0.081,0.308,0.26,0.238,0.303,0.434,0.737,0.196,5.4,0.309,0.7,-0.1,0.7,2.3,47,2,0.316,100,0.203
2023,"Trevor Story","BOS",43,158,32,20,9,0,3,12,14,9,0,55,1,0,0,2,10,3,168,0.054,0.327,0.16,0.203,0.25,0.316,0.566,0.114,4.9,0.29,-0.3,0.3,0.6,0.5,11,-9.7,0.249,49,0.255
2023,"Triston Casas","BOS",132,429,113,66,21,2,24,66,65,70,2,126,1,2,0,7,0,0,502,0.139,0.251,0.56,0.263,0.367,0.49,0.856,0.226,2.2,0.317,-2.3,1.2,-1.9,-1,82,20.4,0.367,131,0.241
2022,"Tucupita Marcano","PIT",49,160,33,23,6,2,2,18,13,10,0,44,1,1,5,1,2,1,177,0.056,0.249,0.23,0.206,0.256,0.306,0.562,0.1,5.7,0.27,0.7,0.4,0.4,-0.1,12,-8.5,0.249,55,0.233
2023,"Tyler Freeman","CLE",64,153,37,26,7,0,4,20,18,10,0,30,2,1,2,3,5,0,168,0.06,0.179,0.33,0.242,0.295,0.366,0.661,0.124,5.2,0.275,0.7,0.1,0.7,0.7,16,-4,0.29,83,0.209
2020,"Tyler Naquin","CLE",40,133,29,16,8,1,4,15,20,5,0,40,1,2,0,3,0,1,141,0.035,0.284,0.13,0.218,0.248,0.383,0.632,0.165,3.9,0.275,0.5,-0.1,0.4,-0.5,11,-6.2,0.268,66,0.27
2021,"Tyler Naquin","CIN",127,411,111,66,24,2,19,52,70,35,1,106,5,3,0,9,5,3,454,0.077,0.233,0.33,0.27,0.333,0.477,0.809,0.207,3.7,0.318,-0.3,0.1,1.3,-0.6,66,11.4,0.345,110,0.246
2022,"Tyler Naquin","CIN",56,187,46,25,12,2,7,29,33,13,2,53,3,0,1,1,3,2,204,0.064,0.26,0.25,0.246,0.305,0.444,0.749,0.198,5.8,0.307,0.9,0.9,1.4,-0.4,25,2,0.322,101,0.203
2022,"Tyler Nevin","BAL",58,157,31,25,4,0,2,17,16,20,0,46,4,3,0,4,0,0,184,0.109,0.25,0.43,0.197,0.299,0.261,0.56,0.064,1.4,0.259,-0.4,-0.6,-0.6,-0.2,14,-7.2,0.261,68,0.2
2023,"Tyler Nevin","DET",41,95,19,13,3,1,2,11,10,12,0,25,3,1,0,1,0,1,111,0.108,0.225,0.48,0.2,0.306,0.316,0.622,0.116,3.8,0.246,0.1,0.3,-0.4,-0.6,10,-3.3,0.282,76,0.204
2020,"Tyler O'Neill","STL",50,139,24,12,5,0,7,20,19,15,0,43,2,1,0,3,3,1,157,0.096,0.274,0.35,0.173,0.261,0.36,0.621,0.187,4.5,0.189,0.5,0.2,0.3,0.1,13,-6.4,0.271,70,0.286
2021,"Tyler O'Neill","STL",138,482,138,76,26,2,34,89,80,38,0,168,13,4,0,8,15,4,537,0.071,0.313,0.23,0.286,0.352,0.56,0.912,0.274,5.8,0.366,3.3,0.5,1.9,0.9,96,30.8,0.384,143,0.228
2022,"Tyler O'Neill","STL",96,334,76,50,11,1,14,56,58,38,0,103,4,7,0,9,14,4,383,0.099,0.269,0.37,0.228,0.308,0.392,0.7,0.165,5.9,0.277,1.5,-0.9,1.2,0.8,43,-0.7,0.307,99,0.231
2023,"Tyler O'Neill","STL",72,238,55,32,14,0,9,27,21,28,0,67,0,0,0,5,5,0,266,0.105,0.252,0.42,0.231,0.312,0.403,0.715,0.172,3.8,0.284,-1.1,-0.2,-0.8,0.5,31,-1.3,0.313,97,0.241
2023,"Tyler Soderstrom","OAK",45,125,20,16,1,0,3,9,7,11,0,43,1,1,0,6,0,0,138,0.08,0.312,0.26,0.16,0.232,0.24,0.472,0.08,0.9,0.213,-0.7,-1.2,-0.1,-0.2,5,-11.8,0.216,34,0.233
2021,"Tyler Stephenson","CIN",132,350,100,69,21,0,10,56,45,41,1,75,6,5,0,11,0,0,402,0.102,0.187,0.55,0.286,0.366,0.431,0.797,0.146,1.7,0.333,-1.2,-0.5,-1.6,-0.4,59,10.5,0.346,111,0.319
2022,"Tyler Stephenson","CIN",50,166,53,38,9,0,6,24,35,12,0,47,3,2,0,4,1,0,183,0.066,0.257,0.26,0.319,0.372,0.482,0.854,0.163,2.8,0.409,0.9,-0.3,0.2,0,30,8.8,0.37,134,0.243
2023,"Tyler Stephenson","CIN",142,465,113,78,20,2,13,59,56,47,2,135,4,1,0,16,0,1,517,0.091,0.261,0.35,0.243,0.317,0.378,0.696,0.135,2.7,0.314,-1.9,-2.4,-0.9,-1.4,57,-5.7,0.305,85,0.258
2020,"Tyler Wade","NYY",52,88,15,9,3,0,3,19,10,12,0,22,3,1,1,1,4,1,105,0.114,0.21,0.55,0.17,0.288,0.307,0.595,0.136,5.9,0.188,1.7,0.2,0.8,0.3,9,-4.3,0.271,69,0.268
2021,"Tyler Wade","NYY",103,127,34,28,5,1,0,31,5,16,1,37,1,0,0,3,17,6,145,0.11,0.255,0.43,0.268,0.354,0.323,0.677,0.055,8.1,0.378,2.4,-0.3,1.3,0.7,16,-1.2,0.304,94,0.218
2022,"Tyler Wade","LAA",67,147,32,26,5,0,1,22,8,10,0,33,1,0,5,3,8,5,163,0.061,0.202,0.3,0.218,0.272,0.272,0.544,0.054,5.6,0.274,0.1,0.3,0,-0.5,10,-8.2,0.247,55,0.217
2021,"Tyrone Taylor","MIL",93,243,60,36,9,3,12,33,43,20,1,59,7,1,0,6,6,1,271,0.074,0.218,0.34,0.247,0.321,0.457,0.778,0.21,6.2,0.277,0.3,-0.4,1.4,0.6,37,4.1,0.333,107,0.233
2022,"Tyrone Taylor","MIL",120,373,87,46,21,3,17,49,51,22,0,102,7,3,0,11,3,2,405,0.054,0.252,0.22,0.233,0.286,0.442,0.729,0.209,4.6,0.272,2.5,-0.8,2.1,-0.5,48,1.5,0.314,102,0.234
2023,"Tyrone Taylor","MIL",81,231,54,26,17,1,10,36,35,8,0,55,3,1,0,10,9,0,243,0.033,0.226,0.15,0.234,0.267,0.446,0.713,0.212,7.7,0.263,1.3,-1.4,2.3,1.5,26,-3.3,0.302,89,0.248
2020,"Victor Caratini","CHC",44,116,28,20,7,0,1,10,16,12,1,31,4,0,0,4,0,1,132,0.091,0.235,0.39,0.241,0.333,0.328,0.661,0.086,1.4,0.321,0.2,-0.7,0,-0.5,14,-2.5,0.297,84,0.227
2021,"Victor Caratini","SDP",116,313,71,55,9,0,7,33,39,35,8,82,4,4,0,13,2,0,356,0.098,0.23,0.43,0.227,0.309,0.323,0.632,0.096,2.6,0.281,-2.9,-2.1,-2.4,0.1,31,-12.1,0.273,74,0.199
2022,"Victor Caratini","MIL",96,272,54,33,12,0,9,26,34,31,1,67,9,1,1,11,0,0,314,0.099,0.213,0.46,0.199,0.3,0.342,0.642,0.143,0.9,0.228,-1.7,-1.2,-1.8,-0.3,31,-5.2,0.289,84,0.259
2023,"Victor Caratini","MIL",62,201,52,41,4,0,7,23,25,19,0,45,3,3,0,8,1,1,226,0.084,0.199,0.42,0.259,0.327,0.383,0.711,0.124,1.9,0.296,-1.3,-1.3,-1.9,-0.7,26,-1.1,0.312,95,0.269
2020,"Victor Reyes","DET",57,202,56,43,7,2,4,30,14,9,0,45,2,0,0,4,8,2,213,0.042,0.211,0.2,0.277,0.315,0.391,0.706,0.114,7,0.34,-0.2,-0.4,-0.4,0.6,24,-2.3,0.307,94,0.258
2021,"Victor Reyes","DET",76,209,54,35,10,4,5,26,22,8,0,55,0,1,2,2,5,1,220,0.036,0.25,0.15,0.258,0.284,0.416,0.701,0.158,7.1,0.327,1.2,0.1,1.1,0.4,24,-2.9,0.298,88,0.254
2020,"Victor Robles","WSN",52,168,37,28,5,1,3,20,15,9,0,53,9,2,1,0,4,1,189,0.048,0.28,0.17,0.22,0.293,0.315,0.608,0.095,5.8,0.298,0,1.1,0.6,0.2,16,-7.5,0.273,66,0.203
2021,"Victor Robles","WSN",107,315,64,40,21,1,2,37,19,33,3,85,16,1,4,7,8,6,369,0.089,0.23,0.39,0.203,0.31,0.295,0.605,0.092,4.7,0.271,-2.1,-0.1,-0.7,-1.2,32,-12.4,0.274,69,0.224
2022,"Victor Robles","WSN",132,366,82,64,10,2,6,42,33,17,0,104,9,4,11,3,15,4,407,0.042,0.256,0.16,0.224,0.273,0.311,0.584,0.087,6.1,0.292,1,0.8,1.2,1,30,-16,0.26,65,0.299
2023,"Victor Robles","WSN",36,107,32,26,5,1,0,15,8,11,0,18,4,0,4,3,8,1,126,0.087,0.143,0.61,0.299,0.385,0.364,0.75,0.065,6.9,0.36,1.2,0.4,0.4,0.9,17,2.1,0.338,112,0.328
2022,"Vidal Bruján","TBR",52,147,24,16,5,0,3,13,16,12,0,37,1,2,0,2,5,5,162,0.074,0.228,0.32,0.163,0.228,0.259,0.487,0.095,3.8,0.193,0.3,0,0.5,-1.1,7,-11.5,0.22,42,0.222
2022,"Vinnie Pasquantino","KCR",72,258,76,56,10,0,10,25,26,35,1,34,3,2,0,5,1,0,298,0.117,0.114,1.03,0.295,0.383,0.45,0.832,0.155,1.5,0.306,-2,0.1,-1.9,-0.2,47,13.1,0.365,136,0.247
2023,"Vinnie Pasquantino","KCR",61,231,57,31,17,0,9,24,26,25,2,31,2,1,0,7,0,0,260,0.096,0.119,0.81,0.247,0.324,0.437,0.762,0.19,0.8,0.25,-1.4,-0.9,-1.7,-0.4,34,1.8,0.327,104,0.262
2020,"Vladimir Guerrero Jr.","TOR",60,221,58,34,13,2,9,34,33,20,1,38,2,0,0,6,1,0,243,0.082,0.156,0.53,0.262,0.329,0.462,0.791,0.199,4.5,0.282,-0.4,-0.5,-0.4,0,34,3.7,0.338,110,0.311
2021,"Vladimir Guerrero Jr.","TOR",161,604,188,110,29,1,48,123,111,86,7,110,6,2,0,20,4,1,698,0.123,0.158,0.78,0.311,0.401,0.601,1.002,0.29,3.1,0.313,-0.1,-1.7,-1.1,-0.3,145,60.4,0.419,166,0.274
2022,"Vladimir Guerrero Jr.","TOR",160,638,175,108,35,0,32,90,97,58,6,116,6,4,0,26,8,3,706,0.082,0.164,0.5,0.274,0.339,0.48,0.818,0.205,3.1,0.289,-3,-2.7,-0.7,-0.3,104,23.4,0.351,132,0.264
2023,"Vladimir Guerrero Jr.","TOR",156,602,159,103,30,0,26,78,94,67,5,100,9,4,0,23,5,3,682,0.098,0.147,0.67,0.264,0.345,0.444,0.788,0.179,2.4,0.277,-4,-1.5,-2.6,-1.6,95,12.1,0.34,117,0.323
2020,"Wil Myers","SDP",55,198,57,26,14,2,15,34,40,18,0,56,2,0,0,0,2,1,218,0.083,0.257,0.32,0.288,0.353,0.606,0.959,0.318,4.8,0.331,0.9,0.7,1.6,-0.2,42,14.7,0.4,155,0.256
2021,"Wil Myers","SDP",146,442,113,70,24,2,17,56,63,54,2,141,0,4,0,9,8,5,500,0.108,0.282,0.38,0.256,0.334,0.434,0.768,0.179,3.9,0.333,1.1,0.3,1.2,-0.9,67,6.6,0.33,111,0.261
2022,"Wil Myers","SDP",77,261,68,46,15,0,7,29,41,21,1,86,1,3,0,7,2,1,286,0.073,0.301,0.24,0.261,0.315,0.398,0.713,0.138,2.5,0.357,1.7,-0.2,1,-0.3,33,0.2,0.311,103,0.189
2023,"Will Benson","CIN",108,287,79,45,15,8,11,51,31,40,0,103,1,1,0,3,19,3,329,0.122,0.313,0.39,0.275,0.365,0.498,0.863,0.223,8,0.391,-1.3,1.3,-0.1,1.9,54,13.9,0.369,128,0.187
2023,"Will Brennan","CLE",138,432,115,86,24,0,5,41,41,16,2,57,5,2,0,4,13,5,455,0.035,0.125,0.28,0.266,0.299,0.356,0.655,0.09,3.9,0.296,0.1,1.3,-0.9,-0.3,43,-12.6,0.285,80,0.264
2021,"William Contreras","ATL",52,163,35,22,4,1,8,19,23,19,1,54,2,1,0,3,0,0,185,0.103,0.292,0.35,0.215,0.303,0.399,0.701,0.184,2.3,0.265,-0.7,0,-0.6,-0.1,21,-1.7,0.303,87,0.278
2022,"William Contreras","ATL",97,334,93,58,14,1,20,51,45,39,1,104,1,2,0,5,2,0,376,0.104,0.277,0.38,0.278,0.354,0.506,0.86,0.228,3.4,0.344,-3,0.4,-4.8,0,61,18.1,0.37,139,0.289
2023,"William Contreras","MIL",141,540,156,100,38,1,17,86,78,63,2,126,5,2,1,23,6,1,611,0.103,0.206,0.5,0.289,0.367,0.457,0.825,0.169,4,0.348,0,-2.9,-1.1,-0.5,94,19.7,0.357,126,0.281
2020,"Willie Calhoun","TEX",29,100,19,15,2,1,1,3,13,5,0,17,1,2,0,1,0,0,108,0.046,0.157,0.29,0.19,0.231,0.26,0.491,0.07,1.6,0.214,-0.1,0.3,0.1,-0.1,4,-9.3,0.217,31,0.25
2021,"Willie Calhoun","TEX",75,260,65,46,10,3,6,26,25,21,0,34,2,1,0,6,0,2,284,0.074,0.12,0.62,0.25,0.31,0.381,0.691,0.131,3.3,0.267,-2.8,-0.1,-2.2,-1.1,31,-3.1,0.301,90,0.239
2023,"Willie Calhoun","NYY",44,134,32,20,7,0,5,16,16,14,1,20,0,1,0,2,0,0,149,0.094,0.134,0.7,0.239,0.309,0.403,0.712,0.164,1.2,0.245,0.1,0,-0.1,-0.3,17,-1.4,0.307,95,0.245
2020,"Willson Contreras","CHC",57,189,46,29,10,0,7,37,26,20,1,57,14,2,0,6,1,2,225,0.089,0.253,0.35,0.243,0.356,0.407,0.763,0.164,3.4,0.307,1.3,-1.2,0.9,-0.9,31,3.1,0.336,110,0.237
2021,"Willson Contreras","CHC",128,413,98,57,20,0,21,61,57,52,1,138,14,4,0,11,5,4,483,0.108,0.286,0.38,0.237,0.34,0.438,0.778,0.201,2.9,0.298,-1.7,-0.9,-0.7,-1.1,68,9,0.337,111,0.243
2022,"Willson Contreras","CHC",113,416,101,54,23,2,22,65,55,45,0,103,24,2,0,14,4,2,487,0.092,0.211,0.44,0.243,0.349,0.466,0.815,0.224,4.2,0.27,-1.1,-1.2,-0.7,-0.5,74,18.2,0.357,134,0.264
2023,"Willson Contreras","STL",125,428,113,66,27,0,20,55,67,51,0,111,13,2,1,12,6,3,495,0.103,0.224,0.46,0.264,0.358,0.467,0.826,0.203,2.8,0.311,-2.4,-0.9,-0.5,-1.1,77,16.3,0.358,127,0.262
2020,"Wilson Ramos","NYM",45,142,34,23,6,0,5,13,15,10,0,31,2,1,0,5,0,0,155,0.065,0.2,0.32,0.239,0.297,0.387,0.684,0.148,0.8,0.271,-1.7,-0.4,-0.8,-0.1,16,-2.9,0.297,90,0.2
2021,"Yadiel Hernandez","WSN",112,264,72,54,8,1,9,33,32,22,1,59,1,2,0,11,3,0,289,0.076,0.204,0.37,0.273,0.329,0.413,0.742,0.14,4.1,0.318,-0.6,-1.4,-0.4,0.3,36,1.4,0.32,99,0.269
2020,"Yadier Molina","STL",42,145,38,32,2,0,4,12,16,6,0,21,3,1,1,7,0,0,156,0.038,0.135,0.29,0.262,0.303,0.359,0.662,0.097,0.8,0.281,-2.4,-0.8,-1.5,-0.1,16,-3.9,0.29,83,0.252
2021,"Yadier Molina","STL",121,440,111,81,19,0,11,45,66,24,1,79,5,3,0,16,3,0,473,0.051,0.167,0.3,0.252,0.297,0.37,0.667,0.118,2.8,0.283,-2.8,-2.7,-1.8,0.2,48,-9.7,0.29,81,0.214
2023,"Yainer Diaz","HOU",104,355,100,55,22,0,23,51,60,11,0,74,5,6,0,12,0,0,377,0.029,0.196,0.15,0.282,0.308,0.538,0.846,0.256,1.5,0.292,-2.7,-1.1,-1.1,-0.5,57,11,0.354,127,0.299
2020,"Yan Gomes","WSN",30,109,31,20,6,1,4,14,13,6,0,22,1,3,0,1,1,0,119,0.05,0.185,0.27,0.284,0.319,0.468,0.787,0.183,4.8,0.314,-0.4,0.4,-0.7,0.1,16,1.2,0.332,105,0.271
2021,"Yan Gomes","WSN",63,218,59,38,11,1,9,30,35,13,3,47,4,0,0,12,0,0,235,0.055,0.2,0.28,0.271,0.323,0.454,0.778,0.183,2.6,0.309,0.2,-1.6,-0.1,-0.2,31,3,0.33,105,0.221
2021,"Yan Gomes","OAK",40,131,29,20,4,0,5,19,17,6,0,31,2,1,0,3,0,0,140,0.043,0.221,0.19,0.221,0.264,0.366,0.631,0.145,2.4,0.25,0.9,-0.1,0.8,-0.1,12,-4.8,0.273,75,0.235
2022,"Yan Gomes","CHC",86,277,65,45,12,0,8,23,31,8,0,47,3,4,1,15,2,0,293,0.027,0.16,0.17,0.235,0.26,0.365,0.625,0.13,2.7,0.252,-0.3,-1.9,-0.4,0.2,25,-9,0.271,75,0.267
2021,"Yordan Alvarez","HOU",144,537,149,80,35,1,33,92,104,50,3,145,8,3,0,16,1,0,598,0.084,0.242,0.34,0.277,0.346,0.531,0.877,0.253,2.9,0.32,2.1,-1.3,-0.2,-0.3,100,27.2,0.369,137,0.306
2022,"Yordan Alvarez","HOU",135,470,144,76,29,2,37,95,97,78,9,106,6,7,0,12,1,1,561,0.139,0.189,0.74,0.306,0.406,0.613,1.019,0.306,3,0.32,0.7,-0.5,-1.1,-0.8,116,52.1,0.427,185,0.293
2023,"Yordan Alvarez","HOU",114,410,120,64,24,1,31,77,97,69,5,92,13,4,0,7,0,0,496,0.139,0.185,0.75,0.293,0.407,0.583,0.99,0.29,1.8,0.306,-2.7,1.2,-3.4,-1.1,100,40,0.415,170,0.308
2020,"Yoán Moncada","CHW",52,200,45,28,8,3,6,28,24,28,0,72,1,2,0,1,0,0,231,0.121,0.312,0.39,0.225,0.32,0.385,0.705,0.16,4.1,0.315,2,1.2,1.5,-0.2,27,-2,0.309,94,0.263
2021,"Yoán Moncada","CHW",144,520,137,89,33,1,14,74,61,84,1,157,10,2,0,6,3,2,616,0.136,0.255,0.54,0.263,0.375,0.412,0.787,0.148,2.8,0.35,0.3,0.9,-0.2,-0.9,91,16.7,0.347,120,0.212
2022,"Yoán Moncada","CHW",104,397,84,53,18,1,12,41,51,32,2,114,2,1,1,5,2,0,433,0.074,0.263,0.28,0.212,0.273,0.353,0.626,0.141,3.1,0.265,0.3,1,0,0,37,-12.1,0.275,76,0.26
2020,"Yuli Gurriel","HOU",57,211,49,30,12,1,6,27,22,12,0,27,2,5,0,6,0,1,230,0.052,0.117,0.44,0.232,0.274,0.384,0.658,0.152,3.1,0.235,0.7,0.2,-0.6,-0.6,21,-7.5,0.281,76,0.319
2021,"Yuli Gurriel","HOU",143,530,169,123,31,0,15,83,81,59,2,68,4,12,0,16,1,1,605,0.098,0.112,0.87,0.319,0.383,0.462,0.846,0.143,2,0.336,0.5,-1.3,-0.5,-0.8,98,24.4,0.363,133,0.242
2022,"Yuli Gurriel","HOU",146,545,132,84,40,0,8,53,53,30,0,73,6,3,0,13,8,0,584,0.051,0.125,0.41,0.242,0.288,0.36,0.647,0.117,3.8,0.266,-0.5,-1.4,0.3,1.1,55,-11.6,0.285,85,0.245
2023,"Zach Neto","LAA",84,289,65,39,17,0,9,38,34,20,0,77,16,3,1,5,5,1,329,0.061,0.234,0.26,0.225,0.308,0.377,0.685,0.152,4.3,0.272,-0.4,0,0,0,36,-4.4,0.302,89,0.249
2023,"Zack Gelof","OAK",69,270,72,37,20,1,14,40,32,26,1,82,3,1,0,5,14,2,300,0.087,0.273,0.32,0.267,0.337,0.504,0.84,0.237,5.8,0.331,2.1,-0.3,0.8,1.5,46,9.6,0.357,132,0.211
